OBJECTID,Accident_ID,Date,Time,Street1,Distance,Measurement,Direction,Street2,StatePlaneX,StatePlaneY,Location 1
403,2.01205E+11,5/12/2012,21,HULL ST,20,Feet,E,SWANSBORO LANE,11783744,3710533,"(37.508991, -77.462856)"
380,2.01203E+11,3/3/2012,2121,HULL ST,None,None,None,12TH ST,11789143,3714950,"(37.520956, -77.444073)"
353,2011270269,11/27/2011,1223,LAMB AVE,None,None,None,POE ST,11792668,3729229,"(37.560061, -77.431362)"
361,2.01201E+11,1/20/2012,1725,BROAD ROCK BLVD,500,Feet,S,CRANFORD AVE,11780397,3702730,"(37.487662, -77.474686)"
684,2.01502E+11,2/2/2015,1920,NINE MILE ROAD,70,Feet,E,30TH ST,11801237,3722616,"(37.54163, -77.402067)"
166,2.01006E+11,6/20/2010,200,MAIN ST,100,Feet,W,18TH ST,11793858,3719355,"(37.532908, -77.427644)"
338,2.01111E+11,11/28/2011,2200,POWHITE PKWY,1320,Feet,N,FOREST HILL AVE,11770605,3719444,"(37.53385, -77.507828)"
46,2.00907E+11,7/10/2009,408,4800 CHAMBERLAYNE AVE,None,None,None,None,11787160,3742766,"(37.597406, -77.449844)"
520,2.01308E+11,8/22/2013,935,B600 W FRANKLIN ST,5,Feet,W,B00 N BELVIDERE ST,11787681,3724425,"(37.547022, -77.44875)"
503,2.01305E+11,5/29/2013,1559,ROSECREST AVE,50,Feet,E,BRUCE ST,11792341,3709661,"(37.506333, -77.433253)"
69,2.00909E+11,9/24/2009,1153,JEFFERSON DAVIS HWY,None,None,None,SUMMER HILL AVE,11789183,3700398,"(37.480992, -77.444496)"
464,2.01212E+11,12/18/2012,1750,4TH AVE,None,None,None,CUSTER ST,11796767,3731992,"(37.56752, -77.417113)"
490,2.01304E+11,4/10/2013,1837,BELVIDERE,None,None,None,SEMMES,11786922,3715754,"(37.523232, -77.4517)"
642,2.01409E+11,9/24/2014,1344,BROAD ST,None,None,None,18TH ST,11794571,3720309,"(37.535505, -77.425148)"
63,2.00909E+11,9/3/2009,1715,TERMINAL AVE,400,Feet,S,POMPEY SPRING ROAD,0,0,"(21.84882, -111.898764)"
26,2.00904E+11,4/29/2009,1542,BARTON AVE,132,Feet,S,E CRAWFORD ST,11792587,3733908,"(37.572913, -77.431459)"
326,2.0111E+11,10/29/2011,1352,CARY ST,None,None,None,SHEPPARD ST,11778942,3726322,"(37.552495, -77.478821)"
297,2.01109E+11,9/1/2011,1945,B800 E BROAD ST,None,None,None,None,11791917,3722329,"(37.541135, -77.434222)"
687,2.01502E+11,2/13/2015,1119,GRACE ST,None,None,None,SHAFER ST,11786881,3725499,"(37.549996, -77.451469)"
562,2.01401E+11,1/14/2014,950,CARY ST,None,None,None,2ND ST,11789253,3722291,"(37.541113, -77.443411)"
552,2.01312E+11,12/6/2013,1215,MARSHALL ST,None,None,None,10TH ST,11792514,3722325,"(37.541106, -77.432163)"
184,2.01008E+11,8/18/2010,1233,MECHANICSVILLE TPKE,None,None,None,COOL LANE,11798426,3726936,"(37.553583, -77.41159)"
534,2.0131E+11,10/4/2013,1812,CHAMBERLAYNE AVE,150,Feet,N,LADIES MILE ROAD,11788524,3734161,"(37.573733, -77.445468)"
252,2.01103E+11,3/20/2011,2040,BROOKLAND PARK BLVD,100,Feet,E,NORTH AVE,11792224,3733380,"(37.571474, -77.432732)"
634,2.01408E+11,8/31/2014,2335,MAURY ST,50,Feet,W,19TH ST,11788493,3712406,"(37.51399, -77.446412)"
680,2.01501E+11,1/22/2015,1322,CHAMBERLAYNE AVE,None,None,None,SCHOOL ST,11789438,3728944,"(37.559378, -77.442516)"
466,2.01301E+11,1/1/2013,2030,7316 FOREST HILL AVE,None,None,None,None,11763763,3720759,"(37.537657, -77.531376)"
340,2.01112E+11,12/7/2011,1830,10TH ST,None,None,None,LEIGH ST,11793078,3723085,"(37.543175, -77.430188)"
524,2.01308E+11,8/29/2013,1801,B2100 ACCOMMODATION ST,None,None,None,None,11796965,3725137,"(37.548689, -77.416701)"
518,2.01308E+11,8/17/2013,37,CARY ST,5,Feet,E,12TH ST,11791816,3720410,"(37.535868, -77.434645)"
678,2.01501E+11,1/13/2015,1730,2ND ST,None,None,None,BROAD ST,11790184,3723559,"(37.544567, -77.440151)"
604,2.01405E+11,5/16/2014,1830,CHAMBERLAYNE AVE,100,Feet,S,WESTWOOD AVE,11788289,3735761,"(37.578134, -77.446217)"
159,2.01005E+11,5/29/2010,1850,CALHOUN ST,150,Feet,E,HICKORY ST,11790151,3726918,"(37.553792, -77.440135)"
192,2.01009E+11,9/4/2010,1029,OAKWOOD AVE,75,Feet,S,R ST,11801211,3719671,"(37.533543, -77.402275)"
170,2.01007E+11,7/5/2010,10,BROAD ST,None,None,None,32ND ST,11798274,3717537,"(37.527776, -77.412488)"
210,2.0101E+11,10/21/2010,1458,BROAD ST,10,Feet,E,1ST ST,11789923,3723751,"(37.545102, -77.441044)"
521,2.01308E+11,8/25/2013,1225,MAIN ST,None,None,None,CHERRY ST,11786504,3723980,"(37.545836, -77.452827)"
86,2.00911E+11,11/1/2009,215,BROAD ST,10,Miles,E,BOWE ST,11785729,3726825,"(37.553672, -77.455391)"
225,2.01012E+11,12/9/2010,1730,FOREST HILL AVE,75,Feet,W,WESTOVER HILLS BLVD,11776291,3714850,"(37.521068, -77.48839)"
415,2.01206E+11,6/4/2012,1451,MAIN ST,50,Feet,E,4TH ST,11790010,3722221,"(37.540898, -77.440803)"
416,2.01206E+11,6/10/2012,220,BELVIDERE ST,None,None,None,MAIN ST,11787621,3723968,"(37.545769, -77.448975)"
639,2.01409E+11,9/14/2014,427,JEFFERSON DAVIS HWY,100,Feet,S,TERMINAL AVE,11789120,3701082,"(37.482872, -77.444687)"
260,2.01104E+11,4/9/2011,2223,CHAMBERLAYNE AVE,None,None,None,SLEDD ST,11789103,3730313,"(37.563148, -77.443619)"
536,2.0131E+11,10/6/2013,138,DORSET ROAD,30,Feet,W,FERGUSON LANE,11779628,3698833,"(37.476983, -77.477482)"
231,2.01012E+11,12/31/2010,1801,CARY ST,71,Feet,W,GRANBY ST,11782906,3724598,"(37.547642, -77.465213)"
331,2.01111E+11,11/9/2011,1539,BELT BLVD,200,Feet,N,LORDLEY LANE,11779106,3709125,"(37.505263, -77.478897)"
84,2.0091E+11,10/30/2009,1708,JEFFERSON DAVIS HWY,100,Feet,S,DALE AVE,11789697,3694736,"(37.465427, -77.442944)"
273,2.01106E+11,6/4/2011,2348,11TH ST,None,None,None,BROAD ST,11792539,3721823,"(37.539726, -77.432096)"
398,2.01205E+11,5/4/2012,813,10TH ST,75,Feet,N,BYRD ST,11790891,3720123,"(37.535109, -77.437846)"
525,2.01308E+11,8/31/2013,10,15TH ST,120,Feet,S,MAIN ST,11793064,3719950,"(37.534566, -77.430359)"
598,2.01405E+11,5/1/2014,1657,15TH ST,None,None,None,DINWIDDIE AVE,11790094,3712154,"(37.513249, -77.440903)"
425,2.01208E+11,8/3/2012,1240,ROBINSON ST,None,None,None,IDLEWOOD AVE,11780027,3724848,"(37.548415, -77.475134)"
44,2.00907E+11,7/8/2009,1715,N 2ND ST,None,None,None,None,11790521,3724039,"(37.545874, -77.43897)"
111,2.00912E+11,12/23/2009,1130,GRACE ST,None,None,None,4TH ST,11790479,3722854,"(37.542621, -77.439161)"
474,2.01301E+11,1/31/2013,835,2200 WILLIAMSBURG ROAD,None,None,None,None,11805345,3713872,"(37.517485, -77.388255)"
629,2.01408E+11,8/18/2014,1145,5TH ST,None,None,None,MAIN ST,11790274,3722028,"(37.540359, -77.4399)"
519,2.01308E+11,8/20/2013,459,B1600 E COMMERCE ROAAD,500,Feet,N,CARTER CREEK ROAD,11794510,3689793,"(37.451703, -77.426555)"
233,2.01101E+11,1/13/2011,1811,7TH ST,None,None,None,BYRD ST,11790097,3720692,"(37.536696, -77.440562)"
310,2.0111E+11,10/2/2011,1858,23RD ST,None,None,None,FAIRFIELD AVE,11799983,3724932,"(37.54803, -77.4063)"
439,2.0121E+11,10/2/2012,800,1ST ST,None,None,None,CLAY ST,11790386,3724381,"(37.546818, -77.439422)"
242,2.01102E+11,2/19/2011,1257,BELVIDERE ST,None,None,None,BROAD ST,11788092,3725095,"(37.548849, -77.447307)"
351,2.01112E+11,12/29/2011,1900,STAPLES MILL ROAD,None,None,None,AUGUSTA AVE,11773890,3735879,"(37.578889, -77.495897)"
188,2.01008E+11,8/30/2010,1915,6700 W CARNATION ST,None,None,None,None,11767790,3709940,"(37.507831, -77.517877)"
43,2.00907E+11,7/1/2009,1352,HARWOOD ST,None,None,None,BOWEN ST,11790659,3708707,"(37.503765, -77.439088)"
107,2.00912E+11,12/11/2009,210,HARRISON ST,None,None,None,MAIN ST,11785791,3723981,"(37.54586, -77.455286)"
397,2.01205E+11,5/3/2012,1714,CARY ST,None,None,None,MCCLOY ST,11777990,3726736,"(37.55366, -77.48209)"
295,2.01108E+11,8/28/2011,1950,BELVIDERE ST,None,None,None,FRANKLIN ST,11787681,3724425,"(37.547022, -77.44875)"
60,2.00908E+11,8/21/2009,2220,BROAD ST,20,Feet,E,12TH ST,11792775,3721652,"(37.539249, -77.431289)"
148,2.01004E+11,4/21/2010,1830,MAIN ST,None,None,None,BELVIDERE ST,11787621,3723968,"(37.545769, -77.448975)"
600,2.01405E+11,5/7/2014,1400,3506 N HOPKINS ROAD,500,Feet,S,N HOPKINS ROAD,11786141,3708051,"(37.502102, -77.454687)"
362,2.01201E+11,1/21/2012,1530,W LABURNUM AVE,None,None,None,CHAMBERLAYNE AVE,11787948,3738093,"(37.584549, -77.447304)"
352,2.01112E+11,12/30/2011,1558,WILLIAMSBURG ROAD,None,None,None,MONTEBELLO CIR,11800606,3712797,"(37.514685, -77.404636)"
625,2.01408E+11,8/15/2014,55,MAIN ST,None,None,None,ROBINSON ST,11780554,3726106,"(37.551854, -77.473269)"
454,2.01211E+11,11/15/2012,1750,ST JOHN`S WOOD DR,None,None,None,FINCHLEY PL,11768128,3713055,"(37.516376, -77.5166)"
656,2.0141E+11,10/25/2014,1830,REDD ST,200,Feet,E,ACCOMMODATION ST,11795725,3724769,"(37.547717, -77.420992)"
75,2.0091E+11,10/4/2009,15,GROVE AVE,None,None,None,LOMBARDY ST,11784503,3725360,"(37.549686, -77.459676)"
348,2.01112E+11,12/23/2011,824,2ND ST,None,None,None,FRANKLIN ST,11789718,3722924,"(37.542837, -77.441783)"
645,2.0141E+11,10/2/2014,1557,NINE MILE ROAD,20,Feet,N,29TH ST,11800755,3722522,"(37.541387, -77.403733)"
575,2.01402E+11,2/25/2014,250,HARWOOD ST,100,Feet,N,JEFFERSON DAVIS HWY,11788403,3708499,"(37.503263, -77.446873)"
220,2.01011E+11,11/29/2010,925,2ND ST,50,Feet,S,MARSHALL ST,11790418,3723872,"(37.545419, -77.439332)"
653,2.0141E+11,10/22/2014,1310,FRANKLIN ST,None,None,None,2ND ST,11789719,3722924,"(37.542837, -77.441779)"
10,2.00902E+11,2/22/2009,5,BROAD ST,None,None,None,BELVIDERE ST,11788092,3725095,"(37.548849, -77.447307)"
387,2.01203E+11,3/10/2012,1743,BELVIDERE ST,None,None,None,FRANKLIN ST,11787681,3724425,"(37.547022, -77.44875)"
305,2.01109E+11,9/23/2011,2041,BROAD ST,None,None,None,ROBINSON ST,11782313,3729331,"(37.560657, -77.46708)"
109,2.00912E+11,12/16/2009,2040,MAIN ST,None,None,None,MEADOW ST,11782713,3725168,"(37.549213, -77.465857)"
135,2.01003E+11,3/19/2010,2006,BROAD ST,25,Feet,E,4TH ST,11790710,3723171,"(37.543485, -77.438352)"
504,2.01306E+11,6/1/2013,140,14TH ST,None,None,None,MAIN ST,11792601,3720305,"(37.535556, -77.431942)"
651,2.0141E+11,10/19/2014,2141,GRACE ST,None,None,None,ADAMS ST,11789163,3723820,"(37.545315, -77.443662)"
267,2.01105E+11,5/8/2011,2342,HULL STREET ROAD,200,Feet,W,WARWICK ROAD,11776430,3704516,"(37.492684, -77.488292)"
419,2.01206E+11,6/24/2012,2117,B100 DOVE ST,None,None,None,None,11792516,3730420,"(37.563336, -77.43184)"
456,2.01211E+11,11/17/2012,1749,25TH ST,200,Feet,S,R ST,11798523,3721746,"(37.539327, -77.411462)"
27,2.00905E+11,5/4/2009,2200,BOULEVARD,None,None,None,CLAY ST,11781718,3730756,"(37.564589, -77.469079)"
161,2.01006E+11,6/1/2010,2033,CASTLEWOOD ROAD,None,None,None,HADEN AVE,11789017,3699034,"(37.477251, -77.445121)"
667,2.01412E+11,12/4/2014,208,FOREST HILL AVE,174,Feet,W,41ST ST,11779481,3713718,"(37.517865, -77.477433)"
343,2.01112E+11,12/12/2011,1904,COMMERCE ROAD,0,Miles,S,RUFFIN ROAD,11793142,3699997,"(37.479768, -77.430869)"
12,2.00903E+11,3/9/2009,1953,BRADY ST,100,Feet,W,LYNHAVEN AVE,11789986,3703916,"(37.490629, -77.441593)"
150,2.01004E+11,4/24/2010,1517,HOSPITAL ST,None,None,None,5TH ST,11793301,3726134,"(37.551542, -77.4293)"
344,2.01112E+11,12/15/2011,1250,ELLWOOD AVE,None,None,None,NANSEMOND ST,11776865,3727702,"(37.556346, -77.485935)"
579,2.01403E+11,3/2/2014,215,LEIGH ST,20,Feet,E,24TH ST,11796871,3720076,"(37.534793, -77.417225)"
704,2.01505E+11,5/23/2015,730,JEFFERSON DAVIS HWY,None,None,None,BELLS ROAD,11789446,3697490,"(37.472998, -77.443702)"
187,2.01008E+11,8/26/2010,1845,MEADOWBRIDGE ROAD,15,Feet,S,NEWBURY AVE,11796360,3733067,"(37.570485, -77.418474)"
41,2.00906E+11,6/13/2009,750,BROAD ST,150,Feet,W,4TH ST,11790710,3723171,"(37.543485, -77.438352)"
574,2.01402E+11,2/21/2014,2155,BROAD ST,None,None,None,ROBINSON ST,11782313,3729331,"(37.560657, -77.46708)"
564,2.01401E+11,1/16/2014,2139,CHAMBERLAYNE AVE,None,None,None,WESTWOOD AVE,11788289,3735761,"(37.578134, -77.446217)"
549,2.01311E+11,11/12/2013,1051,LEIGH ST,None,None,None,LOMBARDY ST,11786269,3728043,"(37.557001, -77.453482)"
512,2.01307E+11,7/11/2013,1437,216 W BROOKLAND PARK BLVD,None,None,None,None,11791301,3733477,"(37.571769, -77.435913)"
594,2.01404E+11,4/23/2014,1655,SEMMES AVE,None,None,None,34TH ST,11781900,3713088,"(37.516063, -77.469117)"
263,2.01104E+11,4/17/2011,227,MAIN ST,None,None,None,STAFFORD AVE,11781276,3725792,"(37.55097, -77.470791)"
240,2.01102E+11,2/8/2011,815,GRACE ST,None,None,None,4TH ST,11790479,3722854,"(37.542621, -77.439161)"
570,2.01402E+11,2/17/2014,1325,HULL STREET ROAD,None,None,None,HEY ROAD,11771836,3700671,"(37.482259, -77.504266)"
221,2.01011E+11,11/29/2010,1800,MONROE ST,None,None,None,FRANKLIN ST,11788180,3724058,"(37.545999, -77.447043)"
470,2.01301E+11,1/4/2013,36,ROBINSON ST,10,Feet,S,MAIN ST,11780555,3726106,"(37.551854, -77.473266)"
510,2.01306E+11,6/20/2013,1548,8TH ST,None,None,None,CLAY ST,11792231,3723029,"(37.543048, -77.433111)"
206,2.0101E+11,10/10/2010,1830,MOORE ST,75,Feet,W,ELIZABETH ST,11786006,3728551,"(37.558404, -77.45437)"
506,2.01306E+11,6/5/2013,625,BRADFORD ROAD,None,None,None,DAVEE ROAD,11791604,3699604,"(37.478737, -77.436184)"
87,2.00911E+11,11/2/2009,830,BROAD ST,None,None,None,7TH ST,11791498,3722591,"(37.541868, -77.435657)"
561,2.01401E+11,1/10/2014,1700,BROAD ST,None,None,None,17TH ST,11794304,3720511,"(37.536068, -77.426061)"
285,2.01108E+11,8/1/2011,1619,HULL STREET ROAD,20,Feet,E,ELKHARDT ROAD,11770002,3699847,"(37.480049, -77.510616)"
173,2.01007E+11,7/15/2010,2340,JEFFERSON DAVIS HWY,None,None,None,MIMOSA ST,11788580,3706705,"(37.498331, -77.446332)"
577,2.01402E+11,2/27/2014,1704,BROAD ST,75,Feet,W,MULBERRY ST,11782004,3729557,"(37.561287, -77.468137)"
677,2.01501E+11,1/12/2015,658,LEIGH ST,5,Feet,W,11TH ST,11793349,3722926,"(37.54273, -77.42926)"
690,2.01502E+11,2/17/2015,2111,GODDIN ST,20,Feet,S,FULTON ST,11799477,3713282,"(37.516053, -77.408509)"
36,2.00905E+11,5/27/2009,1440,GRACE ST,100,Feet,E,LOMBARDY ST,11785295,3726692,"(37.55332, -77.456894)"
164,2.01006E+11,6/15/2010,1225,MAIN ST,None,None,None,9TH ST,11791323,3721259,"(37.538215, -77.436312)"
637,2.01409E+11,9/9/2014,1956,TERMINAL AVE,200,Feet,E,BELT BLVD,11783801,3700581,"(37.481658, -77.463036)"
204,2.0101E+11,10/5/2010,1530,BROAD ST,None,None,None,LAUREL ST,11787586,3725465,"(37.549881, -77.449038)"
370,2.01202E+11,2/5/2012,1807,HARRISON ST,None,None,None,BROAD ST,11786628,3726167,"(37.551838, -77.452316)"
624,2.01408E+11,8/7/2014,1800,CARY ST,100,Feet,E,MCCLOY ST,11777990,3726736,"(37.55366, -77.48209)"
558,2.01401E+11,1/2/2014,1730,BOULEVARD,520,Feet,S,ROBIN HOOD ROAD,11783197,3734247,"(37.574131, -77.463844)"
472,2.01301E+11,1/23/2013,1620,8TH ST,30,Feet,S,CLAY ST,11792231,3723029,"(37.543048, -77.433111)"
488,2.01304E+11,4/1/2013,1740,BOULEVARD,None,None,None,MYERS ST,11781478,3730190,"(37.563041, -77.469928)"
375,2.01202E+11,2/16/2012,2122,MEADOWBRIDGE ROAD,None,None,None,BURNS ST,11795613,3734645,"(37.574842, -77.420989)"
699,2.01503E+11,3/30/2015,1707,MIDLOTHIAN TPKE,10,Feet,E,32ND ST,11782442,3711451,"(37.511551, -77.46731)"
140,2.01003E+11,3/24/2010,1234,HILL ST,None,None,None,ST PAUL ST,11791239,3727134,"(37.554352, -77.436373)"
125,2.01002E+11,2/20/2010,1900,HUNT AVE,30,Feet,W,BRANCH AVE,11793944,3736728,"(37.580615, -77.426666)"
216,2.01011E+11,11/17/2010,1530,FAIRFIELD AVE,85,Feet,W,BECK DR,0,0,"(21.84882, -111.898764)"
24,2.00904E+11,4/18/2009,1651,WHITCOMB ST,200,Feet,E,CONRAD ST,11797028,3727123,"(37.554141, -77.416405)"
394,2.01204E+11,4/21/2012,203,14TH ST,15,Feet,N,CANAL ST,11792434,3719788,"(37.534141, -77.432538)"
212,2.0101E+11,10/31/2010,1849,GROVE AVE,50,Feet,E,THOMPSON ST,11776540,3728833,"(37.559462, -77.487014)"
530,2.01309E+11,9/27/2013,1555,24TH ST,None,None,None,GRACE ST,11795923,3718800,"(37.531319, -77.420545)"
406,2.01205E+11,5/20/2012,2201,CHAMBERLAYNE AVE,None,None,None,AZALEA AVE,11787025,3744395,"(37.601883, -77.450247)"
57,2.00907E+11,7/30/2009,2139,ST JOHN`S WOOD DR,None,None,None,FINCHLEY PL,11768128,3713055,"(37.516376, -77.5166)"
374,2.01202E+11,2/16/2012,1352,9TH ST,None,None,None,BROAD ST,11792028,3722201,"(37.54078, -77.433844)"
605,2.01405E+11,5/16/2014,2238,STRAWBERRY ST,None,None,None,MONUMENT AVE,11782726,3728069,"(37.557179, -77.465703)"
339,2.01112E+11,12/6/2011,923,3RD ST,None,None,None,LEIGH ST,11791223,3724414,"(37.546883, -77.436534)"
508,2.01306E+11,6/15/2013,2051,STAPLES MILL ROAD,30,Feet,N,BROAD ST,11774615,3736849,"(37.581532, -77.49336)"
342,2.01112E+11,12/11/2011,1550,MEADOW ST,None,None,None,MONUMENT AVE,11783744,3727323,"(37.5551, -77.46222)"
345,2.01112E+11,12/17/2011,1600,GOVERNMENT ROAD,112,Feet,W,DENNY ST,11802296,3714707,"(37.519876, -77.398733)"
595,2.01404E+11,4/28/2014,1126,BROAD ST,None,None,None,BELVIDERE ST,11788092,3725095,"(37.548849, -77.447307)"
611,2.01406E+11,6/30/2014,1501,BELVIDERE ST,None,None,None,MAIN ST,11787621,3723968,"(37.545769, -77.448975)"
499,2.01305E+11,5/12/2013,2130,CARVER ST,250,Feet,E,MECHANICSVILLE TPKE,11797877,3725782,"(37.550431, -77.41353)"
414,2.01206E+11,6/4/2012,45,ST JOHN ST,None,None,None,FEDERAL ST,11791176,3726509,"(37.552637, -77.436615)"
58,2.00908E+11,8/14/2009,2006,T ST,30,Feet,E,MECHANICSVILLE TPKE,11796998,3723912,"(37.545324, -77.416636)"
234,2.01101E+11,1/22/2011,140,MONUMENT AVE,None,None,None,ROBINSON ST,11781856,3728708,"(37.55896, -77.46868)"
136,2.01003E+11,3/20/2010,1927,REDD ST,35,Feet,W,COALTER ST,11796186,3724178,"(37.54608, -77.419426)"
515,2.01307E+11,7/20/2013,1130,KESWICK AVE,10,Feet,W,21ST ST,11790340,3709101,"(37.504857, -77.440173)"
230,2.01012E+11,12/19/2010,2117,BROAD ROCK BLVD,0,Miles,E,SNEAD ROAD,11778421,3698152,"(37.475148, -77.481667)"
641,2.01409E+11,9/24/2014,759,18TH ST,None,None,None,MANSION AVE,11791082,3709130,"(37.504914, -77.437614)"
78,2.0091E+11,10/14/2009,2020,DUVAL ST,None,None,None,1ST ST,11791202,3725484,"(37.549822, -77.436565)"
282,2.01107E+11,7/25/2011,1825,CHAMBERLAYNE AVE,None,None,None,CLAREMONT AVE,11787750,3739439,"(37.588251, -77.447935)"
65,2.00909E+11,9/17/2009,2247,MIDLOTHIAN TPKE,None,None,None,33RD ST,11782020,3711355,"(37.5113, -77.468768)"
2,2.00901E+11,1/15/2009,638,WILLIAMSBURG ROAD,None,None,None,SCOTT ST,11800986,3712789,"(37.514651, -77.403327)"
197,2.01009E+11,9/27/2010,1453,28TH ST,125,Feet,S,NINE MILE ROAD,11800277,3722432,"(37.541155, -77.405385)"
118,2.01001E+11,1/18/2010,1730,100 E HILL ST,None,None,None,None,11792336,3726784,"(37.553357, -77.432603)"
697,2.01503E+11,3/7/2015,2235,WALMSLEY BLVD,250,Feet,E,BANTON ST,11786042,3693704,"(37.462704, -77.455576)"
22,2.00904E+11,4/15/2009,1630,MAIN ST,None,None,None,17TH ST,11793604,3719545,"(37.533437, -77.428512)"
157,2.01005E+11,5/25/2010,2200,MAIN ST,80,Feet,W,17TH ST,11793604,3719545,"(37.533437, -77.428512)"
517,2.01307E+11,7/28/2013,1828,LARCHMONT ST,None,None,None,WYTHEMAR ST,0,0,"(21.84882, -111.898764)"
567,2.01402E+11,2/8/2014,1600,2ND ST,85,Feet,N,FRANKLIN ST,11789718,3722924,"(37.542837, -77.441783)"
162,2.01006E+11,6/2/2010,1532,PHAUP ST,15,Feet,E,ROSETTA ST,11801242,3725513,"(37.549586, -77.401934)"
287,2.01108E+11,8/5/2011,1720,MAIN ST,141,Feet,W,17TH ST,11793604,3719545,"(37.533437, -77.428512)"
228,2.01012E+11,12/16/2010,1110,OAK GLEN ST,20,Feet,S,MIDLOTHIAN TPKE,11768495,3708246,"(37.503158, -77.515507)"
151,2.01004E+11,4/28/2010,2020,LYNHAVEN AVE,None,None,None,COURTLAND ST,11790338,3696415,"(37.470018, -77.44067)"
132,2.01003E+11,3/12/2010,1130,MARSHALL ST,6,Feet,E,5TH ST,11791202,3723288,"(37.543791, -77.43665)"
652,2.0141E+11,10/21/2014,740,W LEIGH ST,20,Feet,E,ST PETER ST,11789722,3725524,"(37.549977, -77.441668)"
143,2.01004E+11,4/8/2010,1638,FAIRFIELD AVE,None,Feet,W,23RD ST,11799983,3724932,"(37.54803, -77.4063)"
646,2.0141E+11,10/4/2014,1334,AMELIA ST,250,Feet,W,LAKE RD,0,0,"(21.84882, -111.898764)"
195,2.01009E+11,9/15/2010,1753,WILLIAMSBURG ROAD,25,Feet,S,MONTEBELLO CIR,11800606,3712797,"(37.514685, -77.404636)"
190,2.01009E+11,9/3/2010,1855,GERMAN SCHOOL ROAD,260,Feet,S,JAHNKE ROAD,11768257,3714171,"(37.519437, -77.516115)"
15,2.00903E+11,3/14/2009,954,1005 N 2ND ST,None,None,None,None,11791951,3725887,"(37.550905, -77.433966)"
308,2.01109E+11,9/27/2011,1953,HULL ST,None,None,None,COMMERCE ROAD,11790035,3715676,"(37.522923, -77.44097)"
401,2.01205E+11,5/10/2012,1600,CARY ST,None,None,None,COLONIAL AVE,11779301,3726165,"(37.552053, -77.477589)"
42,2.00906E+11,6/24/2009,450,MARSHALL ST,None,None,None,CEDAR ST,11795074,3720432,"(37.535827, -77.423408)"
679,2.01501E+11,1/14/2015,1747,BOULEVARD,None,None,None,CARY ST,11779699,3725994,"(37.551571, -77.476222)"
696,2.01503E+11,3/5/2015,1208,17TH ST,None,None,None,BROAD ST,11794304,3720511,"(37.536068, -77.426061)"
319,2.0111E+11,10/14/2011,952,JEFFERSON DAVIS HWY,200,Feet,E,HARWOOD ST,11788403,3708499,"(37.503263, -77.446873)"
108,2.00912E+11,12/14/2009,2135,BROAD ST,None,None,None,STAPLES MILL ROAD,11774615,3736849,"(37.581532, -77.49336)"
501,2.01305E+11,5/21/2013,1709,RIVERSIDE DR,0,Miles,E,STRATFORD ROAD,11761714,3728491,"(37.558948, -77.538171)"
486,2.01303E+11,3/24/2013,809,B700 FRANKLIN ST,None,None,None,None,11787260,3724753,"(37.547935, -77.45019)"
444,2.0121E+11,10/11/2012,1740,NORTH AVE,50,Feet,S,BROOKLAND PARK BLVD,11792224,3733380,"(37.571474, -77.432732)"
674,20141280194,12/18/2014,1105,BROAD ST,None,None,None,ALLEN AVE,11784812,3727498,"(37.555548, -77.458529)"
467,2.01301E+11,1/1/2013,2255,14TH ST,None,None,None,MAIN ST,11792601,3720305,"(37.535556, -77.431942)"
707,2.01506E+11,6/14/2015,2120,HARWOOD ST,15,Feet,W,ROSECREST AVE,11792424,3708851,"(37.504106, -77.432998)"
318,2.0111E+11,10/13/2011,2228,MOSBY ST,15,Feet,None,LITTLEPAGE ST,11796923,3723506,"(37.544211, -77.41691)"
255,2.01103E+11,3/31/2011,2155,MAIN ST,None,None,None,FOUSHEE ST,11788963,3722992,"(37.543047, -77.444384)"
98,2.00911E+11,11/23/2009,1736,MAIN ST,None,None,None,MEADOW ST,11782713,3725168,"(37.549213, -77.465857)"
613,2.01407E+11,7/18/2014,1020,RIVER ROAD,100,Feet,W,KANAWHA ROAD,11764702,3731860,"(37.568116, -77.527744)"
588,2.01403E+11,3/28/2014,2130,ROSENEATH ROAD,None,None,None,CLAY ST,11780040,3732369,"(37.569068, -77.474807)"
505,2.01306E+11,6/3/2013,1150,MAIN ST,None,None,None,18TH ST,11793858,3719355,"(37.532908, -77.427644)"
395,2.01204E+11,4/27/2012,1624,MAIN ST,30,Feet,None,17TH ST,11793604,3719545,"(37.533437, -77.428512)"
681,2.01501E+11,1/24/2015,1555,TAZEWELL ST,30,Feet,N,CHAMBERLAYNE AVE,11789412,3729492,"(37.560884, -77.442584)"
487,2.01303E+11,3/26/2013,607,COFER ROAD,200,Feet,W,JEFFERSON DAVIS HWY,11788734,3705167,"(37.494103, -77.44586)"
636,2.01409E+11,9/9/2014,1537,BROAD ST,None,None,None,HARRISON ST,11786628,3726167,"(37.551838, -77.452316)"
393,2.01204E+11,4/19/2012,1041,MEADOW ST,25,Feet,S,MAIN ST,11782713,3725168,"(37.549213, -77.465857)"
371,2.01202E+11,2/14/2012,1205,CHERRY ST,None,None,None,CUMBERLAND ST,11786509,3723008,"(37.543166, -77.452847)"
494,2.01304E+11,4/26/2013,1714,HARWOOD ST,25,Feet,W,LYNHAVEN AVE,11789505,3708598,"(37.503501, -77.44307)"
139,2.01003E+11,3/23/2010,1920,TERMINAL AVE,None,None,None,COLUMBIA ST,11789458,3701168,"(37.483098, -77.443519)"
423,2.01207E+11,7/24/2012,1113,HULL ST,None,None,None,BROAD ROCK ROAD,11783582,3710397,"(37.508622, -77.46342)"
183,2.01008E+11,8/18/2010,830,6324 POWHITE PKWY,None,None,None,None,11768726,3718682,"(37.531812, -77.514335)"
457,2.01211E+11,11/18/2012,135,3RD ST,None,None,None,GRACE ST,11790210,3723048,"(37.543163, -77.440081)"
203,2.0101E+11,10/3/2010,1957,DOVE ST,None,None,None,NORTH AVE,11792116,3730433,"(37.563384, -77.433219)"
507,2.01306E+11,6/13/2013,1415,BROAD ST,100,Feet,E,RYLAND ST,11786200,3726480,"(37.55271, -77.45378)"
223,2.01012E+11,12/5/2010,201,CARY ST,None,None,None,BOULEVARD,11779699,3725994,"(37.551571, -77.476222)"
20,2.00904E+11,4/11/2009,1946,COLORADO AVE,None,None,None,CARTER ST,11781774,3720857,"(37.537402, -77.469259)"
169,2.01007E+11,7/1/2010,2130,PARKWOOD AVE,100,Feet,E,TEMPLE ST,11783552,3723975,"(37.545911, -77.463009)"
544,2.0131E+11,10/24/2013,1807,CHAMBERLAYNE AVE,None,None,None,WESTWOOD AVE,11788289,3735761,"(37.578134, -77.446217)"
369,2.01202E+11,2/4/2012,200,MAIN ST,150,Feet,E,17TH ST,11793604,3719545,"(37.533437, -77.428512)"
280,2.01107E+11,7/16/2011,1136,BROAD ST,15,Feet,E,LOMBARDY ST,11785507,3726988,"(37.554127, -77.456151)"
691,2.01502E+11,2/23/2015,1749,CREIGHTON ROAD,200,Feet,W,NINE MILE ROAD,11801621,3722691,"(37.541824, -77.40074)"
324,2.0111E+11,10/28/2011,1914,CHAMBERLAYNE AVE,20,Feet,N,GRAHAM ROAD,11788996,3730929,"(37.564843, -77.443964)"
665,2.01411E+11,11/20/2014,1116,S CATHEDRAL ST,None,None,None,N CATHEDRAL PL,0,0,"(21.84882, -111.898764)"
484,2.01303E+11,3/16/2013,2309,MONUMENT AVE,None,None,None,MEADOW ST,11783744,3727323,"(37.5551, -77.46222)"
80,2.0091E+11,10/20/2009,1450,NORTH AVE,200,Feet,S,BROOKLAND PARK BLVD,11792224,3733380,"(37.571474, -77.432732)"
429,2.01208E+11,8/15/2012,2040,GLENFIELD AVE,100,Feet,S,BRUCE ST,11791996,3709634,"(37.506269, -77.434443)"
226,2.01012E+11,12/11/2010,1752,SHAFER ST,None,None,None,GRACE ST,11786881,3725499,"(37.549996, -77.451469)"
145,2.01004E+11,4/13/2010,1900,GRACE ST,None,None,None,BELVIDERE ST,11787885,3724760,"(37.547935, -77.448034)"
620,2.01407E+11,7/30/2014,1445,9TH ST,90,Feet,W,10TH ST,0,0,"(21.84882, -111.898764)"
199,2.01009E+11,9/28/2010,1927,MECHANICSVILLE TPKE,None,None,None,None,11798336,3726782,"(37.553163, -77.411907)"
270,2.01105E+11,5/28/2011,2245,NINE MILE ROAD,None,None,None,CREIGHTON ROAD,11801621,3722691,"(37.541824, -77.40074)"
436,2.01209E+11,9/14/2012,2230,COLUMBIA ST,None,None,None,OAKLAND AVE,11789009,3706194,"(37.496915, -77.444873)"
5,2.00901E+11,1/28/2009,1650,ALTAMONT AVE,None,None,None,MOORE ST,11781690,3731702,"(37.567187, -77.46914)"
694,2.01503E+11,3/2/2015,1957,CHAMBERLAYNE AVE,300,Feet,S,WATKINS ST,11787144,3743571,"(37.599617, -77.449868)"
71,2.00909E+11,9/28/2009,1730,MONUMENT AVE,None,None,None,BOULEVARD,11781089,3729272,"(37.560532, -77.471305)"
269,2.01105E+11,5/24/2011,840,MEADOWBRIDGE ROAD,None,None,None,LADIES MILE ROAD,11794967,3737153,"(37.58175, -77.42312)"
543,2.0131E+11,10/24/2013,649,GROVE AVE,None,None,None,CLARKE ROAD,11771308,3731898,"(37.568032, -77.504951)"
628,2.01408E+11,8/18/2014,1132,JEFFERSON DAVIS HWY,None,None,None,DECATUR ST,11787891,3713418,"(37.516788, -77.448449)"
160,2.01006E+11,6/1/2010,1739,PATTERSON AVE,30,Feet,W,REGESTER PKWY,11763785,3739968,"(37.590409, -77.53062)"
417,2.01206E+11,6/20/2012,1733,BROAD ST,None,None,None,HARRISON ST,11786628,3726167,"(37.551838, -77.452316)"
238,2.01101E+11,1/28/2011,1402,BELT BLVD,500,Feet,N,HULL STREET ROAD,0,0,"(21.84882, -111.898764)"
708,2.01506E+11,6/25/2015,2130,KINSLEY AVE,250,Feet,N,BROAD ROCK BLVD,11781133,3703756,"(37.490458, -77.472111)"
117,2.01001E+11,1/15/2010,1738,NINE MILE ROAD,200,Feet,N,CREIGHTON ROAD,11801621,3722691,"(37.541824, -77.40074)"
8,2.00902E+11,2/12/2009,1840,ERICH ROAD,None,None,None,WAINWRIGHT DR,11772399,3712417,"(37.5145, -77.501898)"
182,2.01008E+11,8/16/2010,1736,CANAL ST,None,None,None,7TH ST,11790326,3721008,"(37.537557, -77.43976)"
388,2.01203E+11,3/22/2012,335,JEFFERSON DAVIS HWY,None,None,None,DALE AVE,11789697,3694736,"(37.465427, -77.442944)"
502,2.01305E+11,5/29/2013,1325,POWHITE PKWY,None,None,None,CITY LIMITS - TOLL BOOTH #3,11764697,3716519,"(37.525986, -77.528306)"
392,2.01204E+11,4/8/2012,1620,1717 N 29TH ST,None,None,None,None,11801016,3722787,"(37.542107, -77.402823)"
546,2.01311E+11,11/6/2013,1646,PATTERSON AVE,None,None,None,HAMILTON ST,11776868,3730557,"(37.564186, -77.485818)"
346,2.01112E+11,12/19/2011,1744,MAIN ST,None,None,None,JEFFERSON ST,11788449,3723372,"(37.544106, -77.446142)"
441,2.0121E+11,10/5/2012,1734,MIDLOTHIAN TPKE,None,None,None,ROANOKE ST,11780316,3710971,"(37.510296, -77.474657)"
122,2.01002E+11,2/5/2010,1147,BROAD ST,None,None,None,HARRISON ST,11786628,3726167,"(37.551838, -77.452316)"
289,2.01108E+11,8/8/2011,100,MIDLOTHIAN TPKE,100,Feet,E,BEAUFONT HILLS DR,11750000,3710000,"(37.508488, -77.579203)"
30,2.00905E+11,5/5/2009,2025,KESWICK AVE,None,None,None,21ST ST,11790340,3709101,"(37.504857, -77.440173)"
455,2.01211E+11,11/17/2012,1145,MAIN ST,None,None,None,PINE ST,11787229,3723981,"(37.545816, -77.450326)"
509,2.01306E+11,6/18/2013,1037,BROAD ST,None,None,None,9TH ST,11792028,3722201,"(37.54078, -77.433844)"
368,2.01202E+11,2/4/2012,158,MAIN ST,None,None,None,BOULEVARD,11779872,3726401,"(37.552684, -77.475611)"
293,2.01108E+11,8/22/2011,2104,BELLEVUE AVE,29,Feet,E,OLD BROOK ROAD,11788037,3740695,"(37.591692, -77.446896)"
208,2.0101E+11,10/20/2010,1952,BROAD ROCK BLVD,186,Feet,E,WALMSLEY BLVD,11778057,3696324,"(37.470139, -77.482989)"
627,2.01408E+11,8/17/2014,1220,EDGEWOOD AVE,150,Feet,N,MONTROSE AVE,11790264,3731719,"(37.566973, -77.439559)"
516,2.01307E+11,7/26/2013,1608,MARSHALL ST,None,None,None,BELVIDERE ST,11788311,3725419,"(37.549732, -77.446539)"
341,2.01112E+11,12/9/2011,1658,BROAD ST,15,Feet,W,BOWE ST,11785729,3726825,"(37.553672, -77.455391)"
480,2.01302E+11,2/21/2013,1808,W SEMINARY AVE,None,None,None,WATKINS ST,11786370,3743448,"(37.599303, -77.452544)"
542,2.0131E+11,10/16/2013,1848,FOREST HILL AVE,None,None,None,WESTOVER HILLS BLVD,11776291,3714850,"(37.521068, -77.48839)"
292,2.01108E+11,8/22/2011,2059,BELLEVUE AVE,29,Feet,E,OLD BROOK ROAD,11788037,3740695,"(37.591692, -77.446896)"
453,2.01211E+11,11/10/2012,1515,CREIGHTON ROAD,340,Feet,S,WALCOTT PL,11802446,3724098,"(37.545661, -77.397838)"
538,2.0131E+11,10/11/2013,1141,LADIES MILE ROAD,10,Feet,W,MONTROSE AVE,11790249,3734683,"(37.575113, -77.439496)"
497,2.01305E+11,5/10/2013,1243,CHAMBERLAYNE PKWY,None,Feet,W,DUVAL ST,11790012,3725886,"(37.550962, -77.440654)"
249,2.01103E+11,3/14/2011,1500,1ST AVE,23,Feet,S,MAGNOLIA ST,11795432,3731363,"(37.565835, -77.421743)"
77,2.0091E+11,10/14/2009,1600,FRANKLIN ST,None,None,None,15TH ST,11793302,3720258,"(37.535405, -77.429526)"
389,2.01203E+11,3/29/2012,1317,10TH ST,None,None,None,MARSHALL ST,11792514,3722325,"(37.541106, -77.432163)"
404,2.01205E+11,5/17/2012,1138,CREIGHTON ROAD,30,Feet,N,NINE MILE ROAD,11801621,3722691,"(37.541824, -77.40074)"
245,2.01102E+11,2/28/2011,1815,MONUMENT AVE,15,Feet,W,SHEPPARD ST,11780534,3729677,"(37.561661, -77.473204)"
327,2.0111E+11,10/30/2011,156,CARY ST,15,Feet,E,GRANBY ST,11782906,3724598,"(37.547642, -77.465213)"
337,2.01111E+11,11/21/2011,1717,FAIRFIELD AVE,None,None,None,N 23RD ST,11799983,3724932,"(37.54803, -77.4063)"
167,2.01006E+11,6/25/2010,1533,ST JOHN ST,63,Feet,S,FEDERAL ST,11791176,3726509,"(37.552637, -77.436615)"
246,2.01103E+11,3/3/2011,1630,MAIN ST,None,None,None,BELVIDERE ST,11787621,3723968,"(37.545769, -77.448975)"
235,2.01101E+11,1/25/2011,1900,FOREST HILL AVE,None,None,None,GRANTWOOD ROAD,11762540,3720190,"(37.536129, -77.535614)"
323,2.0111E+11,10/27/2011,1738,HILL ST,None,None,None,2ND ST,11792490,3726716,"(37.553165, -77.432074)"
48,2.00907E+11,7/14/2009,2008,FAIRMOUNT AVE,None,None,N,19TH ST,11797202,3723302,"(37.543642, -77.415956)"
153,2.01005E+11,5/3/2010,2054,MAIN ST,261,Feet,E,26TH ST,11795983,3717769,"(37.528486, -77.420379)"
179,2.01008E+11,8/11/2010,730,PARK AVE,10,Feet,W,LIBBIE AVE,11768767,3736242,"(37.580034, -77.513561)"
676,2.01501E+11,1/6/2015,1257,11TH ST,200,Feet,N,MARSHALL ST,11792769,3722138,"(37.540584, -77.431291)"
650,2.0141E+11,10/9/2014,1720,MONTPELIER ST,None,None,None,WILLIAMSBURG ROAD,11805107,3713664,"(37.516922, -77.389084)"
90,2.00911E+11,11/10/2009,1850,MAIN ST,None,None,None,BRUNSWICK ST,11785229,3724071,"(37.546124, -77.457221)"
553,2.01312E+11,12/6/2013,1540,25TH ST,20,Feet,S,R ST,11798523,3721746,"(37.539327, -77.411462)"
648,2.0141E+11,10/4/2014,1729,FOREST HILL AVE,None,None,None,41ST ST,11779481,3713718,"(37.517865, -77.477433)"
540,2.0131E+11,10/14/2013,1427,OVERBROOK ROAD,None,None,None,CHAMBERLAYNE AVE,11788952,3731230,"(37.565671, -77.444104)"
686,2.01502E+11,2/5/2015,1531,MARSHALL ST,None,None,None,5TH ST,11791202,3723288,"(37.543791, -77.43665)"
619,2.01407E+11,7/29/2014,1500,JEFFERSON ST,None,None,None,BROAD ST,11789143,3724323,"(37.546697, -77.443712)"
257,2.01104E+11,4/4/2011,1648,SELDEN ST,200,Feet,E,23RD ST,11800014,3725521,"(37.549647, -77.406169)"
291,2.01108E+11,8/19/2011,1022,BROAD ST,None,None,None,ALLEN AVE,11784812,3727498,"(37.555548, -77.458529)"
566,2.01402E+11,2/7/2014,1228,LABURNUM AVE,None,None,None,NORTH AVE,11790297,3738201,"(37.584773, -77.439194)"
452,2.01211E+11,11/6/2012,2146,WILLIAMSBURG ROAD,None,None,None,PARKER ST,11803354,3712784,"(37.514561, -77.395163)"
662,2.01411E+11,11/7/2014,1750,W CHARITY ST,30,Feet,W,ST PETER ST,11790409,3726414,"(37.5524, -77.439264)"
25,2.00904E+11,4/25/2009,1820,HULL ST,775,Feet,W,WARWICK ROAD,0,0,"(21.84882, -111.898764)"
596,2.01404E+11,4/28/2014,2205,HANOVER AVE,5,Feet,W,LOMBARDY ST,11784678,3725770,"(37.550807, -77.459057)"
49,2.00907E+11,7/17/2009,535,1420 HULL ST,None,None,None,None,11788512,3714375,"(37.519397, -77.446271)"
274,2.01107E+11,7/1/2011,1450,BELT BLVD,400,Feet,E,OLD MIDLOTHIAN TPKE,11776896,3710178,"(37.50822, -77.486477)"
610,2.01406E+11,6/17/2014,1510,GRACE ST,None,None,None,RYLAND ST,11785970,3726169,"(37.551863, -77.454585)"
163,2.01006E+11,6/11/2010,2100,1500 VALLEY ROAD,None,None,None,None,11793865,3727326,"(37.554797, -77.427307)"
95,2.00911E+11,11/16/2009,1204,MOSBY ST,None,None,None,Q ST,11796462,3722861,"(37.542454, -77.418526)"
134,2.01003E+11,3/17/2010,1911,ROSECREST AVE,100,Feet,N,HARWOOD ST,11792424,3708851,"(37.504106, -77.432998)"
64,2.00909E+11,9/17/2009,1249,BROAD ST,None,None,None,3RD ST,11790450,3723364,"(37.544023, -77.439241)"
550,2.01311E+11,11/27/2013,641,PENSACOLA AVE,None,None,None,MEADOWBRIDGE ROAD,11794967,3737153,"(37.58175, -77.42312)"
571,2.01402E+11,2/17/2014,1735,MONROE ST,5,Feet,S,GRACE ST,11788409,3724374,"(37.546859, -77.446241)"
539,2.0131E+11,10/11/2013,1527,3RD ST,65,Feet,S,FRANKLIN ST,11789978,3722731,"(37.542299, -77.440893)"
333,2.01111E+11,11/11/2011,830,CREIGHTON ROAD,300,Feet,S,WALCOTT PL,11802446,3724098,"(37.545661, -77.397838)"
450,2.01211E+11,11/2/2012,1727,FOREST HILL AVE,None,None,None,PINEWAY DR,11771382,3718333,"(37.530777, -77.505189)"
427,2.01208E+11,8/10/2012,1025,STUART AVE,None,None,None,THOMPSON ST,11777007,3729590,"(37.561527, -77.485375)"
451,2.01211E+11,11/3/2012,119,ROBINSON ST,None,None,None,STUART AVE,11781259,3727745,"(37.556334, -77.470776)"
660,2.01411E+11,11/5/2014,1056,BROAD ST,None,None,None,HARRISON ST,11786628,3726167,"(37.551838, -77.452316)"
121,2.01002E+11,2/2/2010,1215,BELT BLVD,None,None,None,TERMINAL AVE,11783801,3700581,"(37.481658, -77.463036)"
28,2.00905E+11,5/5/2009,1338,1ST ST,None,None,None,LEIGH ST,11790696,3724806,"(37.547975, -77.438337)"
288,2.01108E+11,8/7/2011,2011,DARBYTOWN ROAD,50,Feet,W,BLUE RIDGE AVE,11803645,3712196,"(37.512937, -77.394183)"
584,2.01403E+11,3/15/2014,213,HULL ST,None,None,None,2ND ST,11791428,3716812,"(37.525999, -77.436123)"
442,2.0121E+11,10/9/2012,1125,BROOKLAND PARK BLVD,None,None,None,WELLINGTON ST,11794202,3733237,"(37.57102, -77.425913)"
523,2.01308E+11,8/28/2013,1636,ROSECREST AVE,20,Feet,N,HARWOOD ST,11792424,3708851,"(37.504106, -77.432998)"
112,2.00912E+11,12/23/2009,1339,BROAD ST,None,None,S,3RD ST,11790450,3723364,"(37.544023, -77.439241)"
336,2.01111E+11,11/19/2011,1905,CAMPUS DR,None,None,None,BOATWRIGHT DR,11762459,3736921,"(37.582078, -77.535304)"
378,2.01202E+11,2/28/2012,1648,ST JOHN ST,138,Feet,S,HILL ST,11791547,3727031,"(37.554059, -77.435315)"
463,2.01212E+11,12/18/2012,1705,BROAD ST,50,Feet,E,2ND ST,11790184,3723559,"(37.544567, -77.440151)"
168,2.01006E+11,6/28/2010,827,CLAY ST,None,None,None,7TH ST,0,0,"(21.84882, -111.898764)"
83,2.0091E+11,10/27/2009,815,SEMMES AVE,None,None,None,26TH ST,11784540,3714428,"(37.519663, -77.459964)"
477,2.01302E+11,2/13/2013,1630,LOMBARDY ST,None,None,None,LEIGH ST,11786270,3728043,"(37.557001, -77.453479)"
325,2.0111E+11,10/28/2011,2159,5TH ST,200,Feet,S,BROAD ST,11790972,3722978,"(37.542947, -77.437456)"
360,2.01201E+11,1/18/2012,1010,22ND ST,150,Feet,S,DINWIDDIE AVE,11788453,3710814,"(37.509619, -77.446612)"
607,2.01405E+11,5/19/2014,1622,MAIN ST,None,None,None,BELVIDERE ST,11787621,3723968,"(37.545769, -77.448975)"
73,2.00909E+11,9/30/2009,805,14TH ST,None,None,None,FRANKLIN ST,11792788,3720546,"(37.536212, -77.431287)"
276,2.01107E+11,7/6/2011,1448,WESTOWER DR,5,Feet,E,HUNTLAND ROAD,11770328,3715712,"(37.523609, -77.508919)"
420,2.01206E+11,6/29/2012,131,23RD ST,None,None,None,PHAUP ST,11800139,3725825,"(37.550478, -77.405726)"
491,2.01304E+11,4/8/2013,2230,JAHNKE ROAD,None,Feet,N,NEWELL ROAD,11770277,3714438,"(37.520112, -77.509141)"
102,2.00911E+11,11/30/2009,1520,GROVE AVE,50,Feet,E,HARRISON ST,11785779,3724947,"(37.548513, -77.455291)"
312,2.0111E+11,10/6/2011,2200,OLD HOPKINS ROAD,200,Feet,N,HOPKINS ROAD,11783289,3693584,"(37.462458, -77.465065)"
440,2.0121E+11,10/3/2012,1320,CHAMBERLAYNE AVE,None,None,None,SCHOOL ST,11789438,3728944,"(37.559378, -77.442516)"
430,2.01208E+11,8/25/2012,2129,CARY ST,None,None,None,LAUREL ST,11786865,3723495,"(37.544493, -77.4516)"
379,2.01203E+11,3/2/2012,1510,DOCK ST,10,Feet,W,15TH ST,11792596,3719343,"(37.532914, -77.431996)"
67,2.00909E+11,9/22/2009,1612,18TH ST,None,None,None,BROAD ST,11794571,3720309,"(37.535505, -77.425148)"
271,2.01105E+11,5/30/2011,210,18TH ST,30,Feet,N,MAIN ST,11793858,3719355,"(37.532908, -77.427644)"
301,2.01109E+11,9/9/2011,1744,700 W CLAY ST,None,None,None,None,11788478,3725830,"(37.550856, -77.445947)"
603,2.01405E+11,5/16/2014,1305,CREIGHTON ROAD,25,Feet,S,NINE MILE ROAD,11801621,3722691,"(37.541824, -77.40074)"
211,2.0101E+11,10/31/2010,1315,MECHANICSVILLE TPKE,100,Feet,S,WHITCOMB ST,11798426,3726936,"(37.553583, -77.41159)"
141,2.01003E+11,3/24/2010,2036,729 W CARY ST,None,None,None,None,11786929,3723455,"(37.544381, -77.451381)"
661,2.01411E+11,11/5/2014,1425,4TH ST,None,None,None,BROAD ST,11790710,3723171,"(37.543485, -77.438352)"
330,2.01111E+11,11/8/2011,1607,SCHOOL ST,None,None,None,CHAMBERLAYNE AVE,11789438,3728944,"(37.559378, -77.442516)"
300,2.01109E+11,9/9/2011,823,8TH ST,75,Feet,N,LEIGH ST,11792521,3723427,"(37.544132, -77.432096)"
649,2.0141E+11,10/9/2014,1559,MECHANICSVILLE TPKE,0,Miles,W,WHITCOMB ST,11798426,3726936,"(37.553583, -77.41159)"
31,2.00905E+11,5/6/2009,1630,ST PAUL ST,50,Feet,N,W CHARITY ST,11790670,3726342,"(37.552194, -77.438367)"
171,2.01007E+11,7/6/2010,2102,3RD ST,None,None,None,BROAD ST,11790450,3723364,"(37.544023, -77.439241)"
284,2.01107E+11,7/29/2011,1109,BROAD ST,98,Feet,W,RYLAND ST,11786200,3726480,"(37.55271, -77.45378)"
522,2.01308E+11,8/26/2013,2045,MOSS SIDE AVE,None,None,None,NORTH AVE,11789367,3738851,"(37.586587, -77.442378)"
513,2.01307E+11,7/14/2013,2205,OAKLAND AVE,500,Feet,E,COLUMBIA ST,11789009,3706194,"(37.496915, -77.444873)"
630,2.01408E+11,8/25/2014,520,HERMITAGE ROAD,10,Feet,E,BRYAN PARK AVE,11782235,3743234,"(37.59884, -77.466824)"
50,2.00907E+11,7/17/2009,1226,3RD ST,None,None,None,GRACE ST,11790210,3723048,"(37.543163, -77.440081)"
702,2.01504E+11,4/11/2015,2000,MIDLOTHIAN TPKE,500,Feet,W,WEAVER CT,11779286,3710737,"(37.509684, -77.478217)"
76,2.0091E+11,10/6/2009,1815,FOREST HILL AVE,None,None,None,SEMMES AVE,11781591,3712874,"(37.515484, -77.47019)"
309,2.01109E+11,9/29/2011,1257,10TH ST,None,None,None,MARSHALL ST,11792514,3722325,"(37.541106, -77.432163)"
241,2.01102E+11,2/18/2011,2235,BELVIDERE ST,30,Feet,N,MARSHALL ST,11788311,3725419,"(37.549732, -77.446539)"
485,2.01303E+11,3/19/2013,2200,MAIN ST,None,None,None,MEADOW ST,11782713,3725168,"(37.549213, -77.465857)"
120,2.01001E+11,1/30/2010,1709,STRATFORD ROAD,None,None,None,FOREST HILL AVE,11759436,3718601,"(37.531851, -77.546374)"
105,2.00912E+11,12/2/2009,1907,BOULEVARD,None,None,None,CARY ST,11779699,3725994,"(37.551571, -77.476222)"
386,2.01203E+11,3/10/2012,1328,2ND ST,None,None,None,BROAD ST,11790184,3723559,"(37.544567, -77.440151)"
165,2.01006E+11,6/15/2010,1323,MARSHALL ST,None,None,None,BOWE ST,11785964,3727145,"(37.554544, -77.454569)"
52,2.00907E+11,7/22/2009,1813,1ST ST,75,Feet,N,HILL ST,11792173,3726824,"(37.553472, -77.433164)"
237,2.01101E+11,1/27/2011,740,MIDLOTHIAN TPKE,None,None,None,LABROOK DR,11770197,3708649,"(37.504216, -77.509626)"
202,2.0101E+11,10/2/2010,1055,MECHANICSVILLE TPKE,60,Feet,S,WHITCOMB ST,11798426,3726936,"(37.553583, -77.41159)"
92,2.00911E+11,11/11/2009,1650,MARSHALL ST,15,Feet,E,COLLEGE ST,11793426,3721663,"(37.539259, -77.429043)"
433,2.01208E+11,8/30/2012,840,CHAMBERLAYNE AVE,100,Feet,S,WESTWOOD AVE,11788289,3735761,"(37.578134, -77.446217)"
670,2.01412E+11,12/16/2014,1825,MIDLOTHIAN TPKE,150,Feet,W,CARNATION ST,11767966,3708122,"(37.502833, -77.517335)"
557,2.01312E+11,12/23/2013,2016,HULL STREET ROAD,100,Feet,E,BRYCE LANE,11774083,3702345,"(37.486791, -77.496461)"
320,2.0111E+11,10/14/2011,1625,LEIGH ST,None,None,None,11TH ST,11793349,3722926,"(37.54273, -77.42926)"
354,2.01201E+11,1/6/2012,2240,WICKHAM ST,None,None,None,CHAMBERLAYNE AVE,11789045,3730597,"(37.56393, -77.443808)"
572,2.01402E+11,2/18/2014,1340,1ST ST,None,None,None,BROAD ST,11789923,3723751,"(37.545102, -77.441044)"
683,2.01501E+11,1/27/2015,1639,BOWE ST,100,Feet,N,BROAD ST,11785729,3726825,"(37.553672, -77.455391)"
176,2.01007E+11,7/20/2010,1150,9TH ST,None,None,None,MAIN ST,11791323,3721259,"(37.538215, -77.436312)"
468,2.01301E+11,1/2/2013,659,14TH ST,None,None,None,MAIN ST,11792601,3720305,"(37.535556, -77.431942)"
481,2.01302E+11,2/26/2013,943,BROAD ST,None,None,None,4TH ST,11790710,3723171,"(37.543485, -77.438352)"
666,2.01411E+11,11/24/2014,1330,WALMSLEY BLVD,660,Feet,W,BELMONT ROAD,11776210,3696726,"(37.471298, -77.489338)"
66,2.00909E+11,9/20/2009,1800,PILKINGTON ST,50,Feet,W,WISE ST,11786545,3713201,"(37.516233, -77.453098)"
669,2.01412E+11,12/16/2014,1159,404 N ADAMS ST,None,None,None,None,11789698,3724595,"(37.547427, -77.441787)"
602,2.01405E+11,5/16/2014,1150,1ST ST,102,Feet,S,CLAY ST,11790386,3724381,"(37.546818, -77.439422)"
535,2.0131E+11,10/5/2013,2000,BELVIDERE ST,None,None,None,FRANKLIN ST,11787681,3724425,"(37.547022, -77.44875)"
448,2.0121E+11,10/24/2012,1252,MEADOW ST,None,None,None,BROAD ST,11784210,3727939,"(37.556777, -77.460589)"
372,2.01202E+11,2/15/2012,1630,GROVE AVE,None,None,None,GRANITE AVE,11767844,3733694,"(37.573063, -77.516838)"
626,2.01408E+11,8/15/2014,2010,BROAD ST,None,None,None,MEADOW ST,11784210,3727939,"(37.556777, -77.460589)"
311,2.0111E+11,10/3/2011,1055,BROAD ST,None,None,None,8TH ST,11791761,3722397,"(37.541327, -77.434757)"
262,2.01104E+11,4/15/2011,500,BROAD ST,None,None,None,BOULEVARD,11781398,3730002,"(37.562528, -77.470211)"
178,2.01008E+11,8/6/2010,2350,CARY ST,None,None,None,14TH ST,11792463,3719921,"(37.534505, -77.432432)"
606,2.01405E+11,5/17/2014,2130,SHAFER ST,None,None,None,BROAD ST,11787110,3725814,"(37.550854, -77.450667)"
479,2.01302E+11,2/16/2013,1120,BELVIDERE ST,None,None,None,BROAD ST,11788092,3725095,"(37.548849, -77.447307)"
383,2.01203E+11,3/9/2012,1220,PATTERSON AVE,100,Feet,E,LIBBIE AVE,11768575,3735982,"(37.579326, -77.514233)"
144,2.01004E+11,4/9/2010,2020,30TH ST,50,Feet,N,T ST,11800326,3721389,"(37.53829, -77.405258)"
459,2.01212E+11,12/3/2012,1935,ORCUTT LANE,20,Feet,W,CLEARFIELD ROAD,11774101,3700553,"(37.481869, -77.496465)"
68,2.00909E+11,9/23/2009,1431,CHANTECLER AVE,93,Feet,S,HANOVER AVE,11765078,3737393,"(37.5833, -77.52625)"
438,2.01209E+11,9/24/2012,1312,BROOKLAND PARK BLVD,45,Feet,W,HANES AVE,11791540,3733416,"(37.571594, -77.43509)"
654,2.0141E+11,10/24/2014,1458,EDGEHILL ROAD,None,None,None,CHAMBERLAYNE AVE,11788828,3732081,"(37.568012, -77.444499)"
400,2.01205E+11,5/10/2012,913,1400 CHAMBERLAYNE PKWY,None,None,None,None,11789507,3727622,"(37.555745, -77.442329)"
113,2.00912E+11,12/23/2009,1635,FOREST HILL AVE,50,Feet,W,KENMORE ROAD,11761768,3719677,"(37.534741, -77.538295)"
265,2.01104E+11,4/29/2011,1443,OVERBROOK ROAD,15,Feet,E,CHAMBERLAYNE AVE,11788952,3731230,"(37.565671, -77.444104)"
248,2.01103E+11,3/11/2011,1304,HARRISON ST,10,Feet,S,BROAD ST,11786628,3726167,"(37.551838, -77.452316)"
296,2.01108E+11,8/30/2011,1240,MONUMENT AVE,None,None,None,MEADOW ST,11783744,3727323,"(37.5551, -77.46222)"
599,2.01405E+11,5/6/2014,1432,GROVE AVE,None,None,None,WOODLAWN AVE,11773708,3730492,"(37.564101, -77.496723)"
421,2.01207E+11,7/16/2012,2200,BROAD ROCK BLVD,None,None,None,BRITANNIA ROAD,11778985,3700282,"(37.480981, -77.479644)"
631,2.01408E+11,8/26/2014,742,CARY ST,None,None,None,5TH ST,11790041,3721712,"(37.539499, -77.440716)"
277,2.01107E+11,7/6/2011,2325,NORTH AVE,None,None,None,OVERBROOK ROAD,11792126,3731008,"(37.564963, -77.433163)"
411,2.01205E+11,5/25/2012,1404,LOMBARDY ST,62,Feet,N,BROAD ST,11785507,3726988,"(37.554127, -77.456151)"
376,2.01202E+11,2/17/2012,1554,BELT BLVD,None,None,None,LORDLEY LANE,11779106,3709125,"(37.505263, -77.478897)"
16,2.00903E+11,3/23/2009,1543,7TH ST,None,None,None,JACKSON ST,11792518,3723971,"(37.545626, -77.432085)"
422,2.01207E+11,7/21/2012,130,MAIN ST,None,None,None,18TH ST,11793858,3719355,"(37.532908, -77.427644)"
527,2.01309E+11,9/5/2013,815,BETHEL ST,90,Feet,W,DEFORREST ST,11797355,3727737,"(37.555817, -77.415253)"
675,2.01501E+11,1/4/2015,1610,WARWICK AVE,None,None,None,LYNHAVEN AVE,11789888,3704912,"(37.493367, -77.441893)"
7,2.00902E+11,2/4/2009,2052,MONUMENT AVE,None,None,None,MULBERRY ST,11781549,3728933,"(37.559587, -77.469731)"
498,2.01305E+11,5/10/2013,1410,4500 W SEMINARY AVE,None,None,None,None,11786579,3742231,"(37.595954, -77.451869)"
123,2.01002E+11,2/11/2010,1543,MIDLOTHIAN TPKE,None,None,None,32ND ST,11782442,3711451,"(37.511551, -77.46731)"
623,2.01408E+11,8/5/2014,527,OVERBROOK ROAD,None,None,None,NORTH AVE,11792126,3731008,"(37.564963, -77.433163)"
185,2.01008E+11,8/21/2010,2045,900 CHAMBERLAYNE PKWY,None,None,None,None,11789884,3726385,"(37.552337, -77.441076)"
431,2.01208E+11,8/28/2012,1525,16TH ST,30,Feet,E,EDWARDS AVE,11790120,3711716,"(37.512045, -77.44083)"
493,2.01304E+11,4/22/2013,1545,MONUMENT AVE,30,Feet,E,MALVERN AVE,11776635,3732540,"(37.569639, -77.486549)"
685,2.01502E+11,2/5/2015,1100,LEIGH ST,500,Feet,W,BROOK ROAD,11789264,3725858,"(37.550909, -77.443235)"
177,2.01008E+11,8/2/2010,1818,BURNS ST,None,None,None,DILL AVE,11797795,3733252,"(37.570948, -77.413516)"
703,2.01504E+11,4/22/2015,1539,6TH ST,10,Feet,None,GRACE ST,11791001,3722465,"(37.541537, -77.437375)"
671,2.01412E+11,12/16/2014,1900,COLONIAL AVE,None,None,None,CARY ST,11779301,3726165,"(37.552053, -77.477589)"
511,2.01307E+11,7/3/2013,1437,LEIGH ST,None,None,None,11TH ST,11793349,3722926,"(37.54273, -77.42926)"
482,2.01302E+11,2/26/2013,1933,ELLWOOD AVE,None,None,None,NANSEMOND ST,11776865,3727702,"(37.556346, -77.485935)"
589,2.01403E+11,3/31/2014,1613,BELVIDERE ST,None,None,None,BROAD ST,11788092,3725095,"(37.548849, -77.447307)"
99,2.00911E+11,11/23/2009,1915,441 BELT BLVD,None,None,None,None,11780443,3708963,"(37.504778, -77.474295)"
461,2.01212E+11,12/6/2012,1917,MAURY ST,40,Feet,None,34TH ST,11783770,3708351,"(37.502998, -77.462849)"
367,2.01202E+11,2/3/2012,1715,BELVIDERE ST,None,None,None,BROAD ST,11788092,3725095,"(37.548849, -77.447307)"
555,2.01312E+11,12/7/2013,607,WALCOTT PL,67,Feet,S,CREIGHTON ROAD,11802446,3724098,"(37.545661, -77.397838)"
692,2.01502E+11,2/28/2015,220,MAIN ST,None,None,None,10TH ST,11791587,3721067,"(37.53768, -77.435409)"
560,2.01401E+11,1/3/2014,1630,HULL ST,None,None,None,7TH ST,11790285,3715881,"(37.523478, -77.4401)"
97,2.00911E+11,11/20/2009,2245,17TH ST,None,None,None,FRANKLIN ST,11793838,3719866,"(37.534312, -77.427693)"
432,2.01208E+11,8/28/2012,2042,WALMSLEY BLVD,20,Feet,W,DORSET ROAD,11779181,3696454,"(37.470463, -77.479111)"
689,2.01502E+11,2/15/2015,1445,MAIN ST,None,None,None,BELVIDERE ST,11787621,3723968,"(37.545769, -77.448975)"
155,2.01005E+11,5/22/2010,917,MARSHALL ST,None,None,None,HARRISON ST,11786860,3726482,"(37.552696, -77.451503)"
207,2.0101E+11,10/20/2010,1817,HARRISON ST,None,None,None,BROAD ST,11786628,3726167,"(37.551838, -77.452316)"
23,2.00904E+11,4/16/2009,1255,10TH ST,None,None,None,CLAY ST,11792748,3722653,"(37.541999, -77.431343)"
334,2.01111E+11,11/12/2011,914,BOULEVARD,50,Feet,N,BROAD ST,11781398,3730002,"(37.562528, -77.470211)"
478,2.01302E+11,2/14/2013,754,4000 OLD BROOK ROAD,None,None,None,None,11788090,3739940,"(37.589617, -77.446743)"
554,2.01312E+11,12/7/2013,309,LAUREL ST,None,None,None,CARY ST,11786865,3723495,"(37.544493, -77.4516)"
529,2.01309E+11,9/7/2013,1,ASHLEY ST,10,Feet,N,None,0,0,"(21.84882, -111.898764)"
446,2.0121E+11,10/15/2012,1534,MONUMENT AVE,None,None,None,ALLEN AVE,11784363,3726869,"(37.553834, -77.460102)"
366,2.01202E+11,2/1/2012,1756,B1100 ST JOHN ST,None,None,None,None,11791293,3726689,"(37.553128, -77.436204)"
495,2.01305E+11,5/3/2013,1450,12TH ST,None,None,None,CLAY ST,11793242,3722284,"(37.54097, -77.429654)"
72,2.00909E+11,9/29/2009,1512,MARSHALL ST,None,None,None,11TH ST,11792769,3722138,"(37.540584, -77.431291)"
186,2.01008E+11,8/24/2010,1656,33RD ST,94,Feet,S,R ST,11800678,3720207,"(37.535032, -77.404092)"
268,2.01105E+11,5/18/2011,1620,BROAD ST,None,None,None,7TH ST,11791498,3722591,"(37.541868, -77.435657)"
272,2.01106E+11,6/3/2011,1900,WALTON AVE,100,Feet,E,CHAMBERLAYNE AVE,11788107,3737002,"(37.581548, -77.446797)"
609,2.01406E+11,6/10/2014,303,LAMB AVE,218,Feet,S,FELLS ST,0,0,"(21.84882, -111.898764)"
227,2.01012E+11,12/12/2010,139,CARY ST,142,Feet,W,12TH ST,11791816,3720410,"(37.535868, -77.434645)"
710,21409130078,9/13/2014,2330,CARY ST,None,None,None,15TH ST,11792831,3719649,"(37.533747, -77.431174)"
364,2.01201E+11,1/26/2012,1624,WESTOVER HILLS BLVD,None,None,None,BASSETT AVE,11776183,3712716,"(37.515211, -77.488841)"
581,2.01403E+11,3/2/2014,1721,FOREST HILL AVE,10,Feet,E,JOE BROOKS BLVD,11765344,3720794,"(37.537708, -77.525923)"
576,2.01402E+11,2/25/2014,1539,LABURNUM AVE,None,None,None,NORTH AVE,11790297,3738201,"(37.584773, -77.439194)"
356,2.01201E+11,1/12/2012,940,WESTOVER HILLS BLVD,1000,Feet,S,BASSETT AVE,11776183,3712716,"(37.515211, -77.488841)"
29,2.00905E+11,5/5/2009,1345,FRANKLIN ST,None,None,None,MONROE ST,11788180,3724058,"(37.545999, -77.447043)"
218,2.01011E+11,11/23/2010,1130,BAKER ST,15,Feet,E,ST JOHN ST,11790781,3725964,"(37.551153, -77.437998)"
193,2.01009E+11,9/4/2010,2211,HULL STREET ROAD,1,Miles,N,WARWICK ROAD,11776430,3704516,"(37.492684, -77.488292)"
533,2.0131E+11,10/2/2013,1730,LEIGH ST,60,Feet,E,BOWE ST,11786499,3727873,"(37.556527, -77.452695)"
655,2.0141E+11,10/24/2014,2009,HULL ST,None,None,None,30TH ST,11784214,3710922,"(37.510045, -77.461221)"
180,2.01008E+11,8/14/2010,2200,HULL STREET ROAD,150,Feet,E,ELKHARDT ROAD,11770002,3699847,"(37.480049, -77.510616)"
673,2.01412E+11,12/30/2014,1730,E GERMAN SCHOOL ROAD,100,Feet,None,None,11771908,3708130,"(37.502742, -77.503747)"
147,2.01004E+11,4/16/2010,1630,BELLEVUE AVE,40,Feet,W,BROOK ROAD,11786440,3740435,"(37.591026, -77.452418)"
556,2.01312E+11,12/22/2013,1625,MAURY ST,None,None,None,COMMERCE ROAD,11791008,3714457,"(37.519545, -77.437662)"
469,2.01301E+11,1/2/2013,1730,1500 WILLIAMSBURG ROAD,None,None,None,None,11802670,3712787,"(37.514592, -77.397521)"
551,2.01312E+11,12/6/2013,847,DORSET ROAD,None,None,None,PETTUS ROAD,11779570,3698515,"(37.476111, -77.477694)"
668,2.01412E+11,12/11/2014,1028,OVERBROOK ROAD,200,Feet,W,NORTH AVE,11792126,3731008,"(37.564963, -77.433163)"
59,2.00908E+11,8/15/2009,116,BROAD ROCK BLVD,None,None,None,OLD WARWICK ROAD,11779131,3700707,"(37.482144, -77.479125)"
698,2.01503E+11,3/27/2015,1550,HARRISON ST,None,None,None,BROAD ST,11786628,3726167,"(37.551838, -77.452316)"
405,2.01205E+11,5/20/2012,1340,JACKSON ST,None,None,None,1ST ST,11790923,3725111,"(37.548806, -77.437542)"
253,2.01103E+11,3/23/2011,753,GRACE ST,None,None,None,4TH ST,11790479,3722854,"(37.542621, -77.439161)"
101,2.00911E+11,11/29/2009,23,MIDLOTHIAN TPKE,195,Feet,W,ARCADIA ST,11767173,3707931,"(37.502331, -77.520076)"
124,2.01002E+11,2/12/2010,1636,MIDLOTHIAN TPKE,0,Miles,E,CARNATION ST,11767966,3708122,"(37.502833, -77.517335)"
191,2.01009E+11,9/3/2010,2140,MAPLEWOOD AVE,None,None,None,ROWLAND ST,11781568,3723503,"(37.544675, -77.469869)"
695,2.01503E+11,3/3/2015,1845,FRANKLIN ST,None,None,None,LAUREL ST,11787124,3724834,"(37.548162, -77.450656)"
89,2.00911E+11,11/9/2009,1630,DELMONT ST,20,Feet,N,E LADIES MILE ROAD,11793531,3737009,"(37.581399, -77.42808)"
329,2.01111E+11,11/7/2011,1540,HULL ST,10,Feet,W,30TH ST,11784214,3710922,"(37.510045, -77.461221)"
672,2.01412E+11,12/17/2014,1230,ROBINSON ST,None,None,None,HANOVER AVE,11781084,3727336,"(37.555216, -77.471395)"
447,2.0121E+11,10/23/2012,1500,BOWE ST,None,None,None,BROAD ST,11785729,3726825,"(37.553672, -77.455391)"
239,2.01102E+11,2/2/2011,2315,BOULEVARD,50,Feet,S,BROAD ST,11781398,3730002,"(37.562528, -77.470211)"
254,2.01103E+11,3/25/2011,1544,34TH ST,247,Feet,N,MOODY AVE,11781650,3711625,"(37.512053, -77.470034)"
126,2.01002E+11,2/20/2010,2333,BROAD ROCK BLVD,None,None,None,WARWICK ROAD,11779308,3701051,"(37.483084, -77.478502)"
633,2.01408E+11,8/29/2014,1604,CALHOUN ST,50,Feet,E,ST PETER ST,11790765,3726934,"(37.553817, -77.438016)"
407,2.01205E+11,5/21/2012,1500,SHAFER ST,None,None,None,BROAD ST,11787110,3725814,"(37.550854, -77.450667)"
33,2.00905E+11,5/9/2009,2055,GERMAN SCHOOL ROAD,300,Feet,S,WESTOVER VILLAGE DR,11771369,3710731,"(37.5099, -77.50551)"
350,2.01112E+11,12/25/2011,2101,MAIN ST,None,None,None,STAFFORD AVE,11781276,3725792,"(37.55097, -77.470791)"
119,2.01001E+11,1/26/2010,1701,2200 RUFFIN ROAD,None,None,None,None,11790788,3699878,"(37.479514, -77.438986)"
47,2.00907E+11,7/13/2009,1330,CHAMBERLAYNE AVE,0,Miles,S,AZALEA AVE,11787025,3744395,"(37.601883, -77.450247)"
200,2.01009E+11,9/29/2010,1746,COMMERCE ROAD,None,None,None,MAURY ST,11791008,3714457,"(37.519545, -77.437662)"
152,2.01005E+11,5/1/2010,1836,CARY ST,None,None,None,BELVIDERE ST,11787616,3723482,"(37.544434, -77.449011)"
693,2.01503E+11,3/2/2015,1130,MARSHALL ST,None,None,None,10TH ST,11792514,3722325,"(37.541106, -77.432163)"
40,2.00906E+11,6/8/2009,1540,NORTH AVE,55,Feet,N,WESTWOOD AVE,11792077,3736185,"(37.579182, -77.43313)"
617,2.01407E+11,7/25/2014,1100,5TH ST,50,Feet,S,CARY ST,11790041,3721712,"(37.539499, -77.440716)"
243,2.01102E+11,2/19/2011,1056,BELVIDERE ST,None,None,None,CUMBERLAND ST,11787613,3722997,"(37.543102, -77.44904)"
682,2.01501E+11,1/25/2015,255,CLARKSON ROAD,100,Feet,E,WARWICK ROAD,11778069,3703201,"(37.489025, -77.482692)"
358,2.01201E+11,1/14/2012,1600,BROAD ST,20,Feet,W,3RD ST,11790450,3723364,"(37.544023, -77.439241)"
413,2.01206E+11,6/2/2012,1900,2924 NORTH AVE,None,None,None,None,11792180,3733187,"(37.570945, -77.432891)"
205,2.0101E+11,10/9/2010,1014,704 E BROOKLAND PARK BLVD,None,None,None,None,11794900,3733161,"(37.570789, -77.423508)"
412,2.01205E+11,5/28/2012,2017,22ND ST,30,Feet,W,HALIFAX AVE,11789363,3709700,"(37.506532, -77.443517)"
106,2.00912E+11,12/10/2009,1540,FOREST HILL AVE,None,None,None,HATHAWAY ROAD,11767065,3720955,"(37.538101, -77.519982)"
585,2.01403E+11,3/16/2014,2104,BROAD ROCK BLVD,200,Feet,W,WALMSLEY BLVD,11778057,3696324,"(37.470139, -77.482989)"
706,2.01506E+11,6/13/2015,745,WARWICK VILLAGE DR,None,None,None,WARWICK ROAD,11772923,3706037,"(37.496964, -77.500324)"
709,2.01506E+11,6/28/2015,1457,CAULDER CT,300,Feet,W,HOLLY SPRING AVE,11784181,3708617,"(37.503716, -77.461422)"
294,2.01108E+11,8/26/2011,2352,CARY ST,2,Feet,E,12TH ST,11791816,3720410,"(37.535868, -77.434645)"
299,2.01109E+11,9/8/2011,708,BROOK ROAD,150,Feet,S,BROOKLAND PARK BLVD,11787426,3733654,"(37.572374, -77.449276)"
580,2.01403E+11,3/2/2014,1720,WICKHAM ST,50,Feet,E,SEMINARY AVE,11788664,3730532,"(37.563763, -77.445125)"
465,2.01212E+11,12/26/2012,1105,CHESTNUT ST,None,None,None,4TH AVE,11794826,3728782,"(37.558766, -77.423935)"
644,2.01409E+11,9/30/2014,1630,FRANKLIN ST,None,None,None,18TH ST,11794096,3719673,"(37.533773, -77.426811)"
365,2.01201E+11,1/30/2012,2300,FOREST HILL AVE,None,None,None,TAYLOR AVE,11778331,3714356,"(37.519651, -77.481374)"
437,2.01209E+11,9/19/2012,2056,CHAMBERLAYNE AVE,None,None,None,LABURNUM AVE,11787948,3738093,"(37.584549, -77.447304)"
96,2.00911E+11,11/16/2009,2320,JEFFERSON DAVIS HWY,None,None,None,SUMMER HILL AVE,11789183,3700398,"(37.480992, -77.444496)"
328,2.01111E+11,11/1/2011,1617,STUART CIR,None,None,None,MONUMENT AVE,11785044,3726368,"(37.552438, -77.457772)"
286,2.01108E+11,8/2/2011,1055,BROAD ST,None,None,None,MEADOW ST,11784210,3727939,"(37.556777, -77.460589)"
445,2.0121E+11,10/15/2012,908,COMMERCE ROAD,None,None,None,EVERETT ST,11790780,3714764,"(37.520395, -77.438436)"
213,2.01011E+11,11/4/2010,808,W LABURNUM AVE,None,None,None,None,11790764,3738331,"(37.585116, -77.437577)"
229,2.01012E+11,12/18/2010,1440,PATTERSON AVE,None,None,None,CHANTECLER AVE,11765711,3738359,"(37.585935, -77.524031)"
74,2.0091E+11,10/3/2009,1,CARY ST,None,None,None,14TH ST,11792463,3719921,"(37.534505, -77.432432)"
189,2.01009E+11,9/3/2010,1238,MAIN ST,None,None,None,25TH ST,11795717,3717966,"(37.529035, -77.421288)"
127,2.01002E+11,2/24/2010,1135,2ND ST,70,Feet,N,BROAD ST,11790184,3723559,"(37.544567, -77.440151)"
38,2.00906E+11,6/1/2009,1545,COWARDIN AVE,5,Feet,N,HULL ST,11787840,3713889,"(37.518083, -77.448607)"
174,2.01007E+11,7/19/2010,808,CARY ST,None,None,None,BELVIDERE ST,11787616,3723482,"(37.544434, -77.449011)"
597,2.01404E+11,4/30/2014,829,OAKWOOD AVE,15,Feet,N,CANEPA ST,11802018,3719865,"(37.53405, -77.399484)"
578,2.01402E+11,2/27/2014,1704,BROAD ST,75,Feet,W,MULBERRY ST,11782004,3729557,"(37.561287, -77.468137)"
307,2.01109E+11,9/26/2011,1750,MIDLOTHIAN TPKE,25,Feet,W,WYTHEMAR ST,11779211,3710719,"(37.509637, -77.478476)"
532,2.0131E+11,10/2/2013,1312,2401 SHEILA LANE,None,None,None,None,11763615,3718856,"(37.532435, -77.531954)"
34,2.00905E+11,5/15/2009,1732,MAIN ST,None,None,None,STRAWBERRY ST,11781635,3725636,"(37.55053, -77.469558)"
198,2.01009E+11,9/28/2010,1610,BELLS ROAD,250,Feet,E,JEFFERSON DAVIS HWY,11789446,3697490,"(37.472998, -77.443702)"
614,2.01407E+11,7/18/2014,1930,CREIGHTON ROAD,100,Feet,E,KANE ST,11802589,3724256,"(37.546091, -77.397338)"
219,2.01011E+11,11/29/2010,830,FRANKLIN ST,None,None,None,7TH ST,11791033,3721958,"(37.540144, -77.437285)"
335,2.01111E+11,11/15/2011,1900,CARY ST,None,None,None,14TH ST,11792463,3719921,"(37.534505, -77.432432)"
657,2.0141E+11,10/29/2014,745,10TH ST,None,None,None,CLAY ST,11792748,3722653,"(37.541999, -77.431343)"
332,2.01111E+11,11/10/2011,1900,BROAD ROCK ROAD,35,Feet,S,HULL ST,11783582,3710397,"(37.508622, -77.46342)"
616,2.01407E+11,7/20/2014,550,GRACE ST,200,Feet,E,ALLISON ST,11783452,3728032,"(37.557056, -77.4632)"
382,2.01203E+11,3/9/2012,331,BOULEVARD,5,Feet,N,FLOYD AVE,11780046,3726814,"(37.553813, -77.474995)"
322,2.0111E+11,10/23/2011,100,12TH ST,20,Feet,S,CARY ST,11791816,3720410,"(37.535868, -77.434645)"
664,2.01411E+11,11/10/2014,1811,BOWE ST,None,None,None,CLAY ST,11786194,3727455,"(37.555388, -77.453763)"
528,2.01309E+11,9/6/2013,1420,RICHMOND ST,None,None,None,GAY ST,11796619,3724628,"(37.547302, -77.417914)"
492,2.01304E+11,4/11/2013,1,BROAD ST,100,Feet,E,3RD ST,11790450,3723364,"(37.544023, -77.439241)"
373,2.01202E+11,2/15/2012,1700,10TH ST,None,None,None,CLAY ST,11792748,3722653,"(37.541999, -77.431343)"
217,2.01011E+11,11/21/2010,1733,2700 BAINBRIDGE ST,None,None,None,None,11784732,3712804,"(37.515198, -77.459364)"
158,2.01005E+11,5/26/2010,1630,BROOKLAND PARK BLVD,None,None,None,FENDALL AVE,11791196,3733432,"(37.571649, -77.436277)"
587,2.01403E+11,3/29/2014,217,BROAD ST,None,None,None,18TH ST,11794571,3720309,"(37.535505, -77.425148)"
1,2.00901E+11,1/12/2009,1530,BOULEVARD,5,Feet,N,CARY ST,11779699,3725994,"(37.551571, -77.476222)"
56,2.00907E+11,7/30/2009,930,9TH ST,None,None,None,LEIGH ST,11792775,3723238,"(37.543605, -77.431227)"
258,2.01104E+11,4/6/2011,1756,KANE ST,None,None,None,FAIRFIELD AVE,11802119,3725125,"(37.548492, -77.398924)"
62,2.00909E+11,9/3/2009,1422,OVERLOOK ST,500,Feet,S,CHESTERMAN AVE,11789959,3707984,"(37.501801, -77.441529)"
115,2.01001E+11,1/8/2010,1830,BROOKLAND PARK BLVD,None,None,None,2ND AVE,11796458,3732859,"(37.569911, -77.418144)"
100,2.00911E+11,11/28/2009,1800,MECHANICSVILLE TPKE,None,None,None,FORD AVE,11797717,3725441,"(37.5495, -77.414095)"
79,2.0091E+11,10/18/2009,1100,REDD ST,None,None,None,MECHANICSVILLE TPKE,11796998,3723912,"(37.545324, -77.416636)"
659,2.0141E+11,10/31/2014,1835,JEFFERSON DAVIS HWY,200,Feet,N,TERMINAL AVE,11789120,3701082,"(37.482872, -77.444687)"
476,2.01302E+11,2/9/2013,840,SHEILA LANE,50,Feet,S,FOREST HILL AVE,11763282,3720479,"(37.536901, -77.533045)"
489,2.01304E+11,4/4/2013,2240,BUNCHE PL,150,Feet,N,NINE MILE ROAD,11802795,3723240,"(37.543294, -77.396669)"
19,2.00904E+11,4/7/2009,1726,THOMPSON ST,None,None,None,FLOYD AVE,11776360,3728409,"(37.558302, -77.48765)"
315,2.0111E+11,10/10/2011,1000,STAFFORD AVE,100,Feet,N,CARY ST,11781101,3725384,"(37.549854, -77.471409)"
4,2.00901E+11,1/16/2009,2159,WALMSLEY BLVD,28,Feet,S,WOODMERE DR,11779551,3696562,"(37.470748, -77.477832)"
359,2.01201E+11,1/17/2012,1113,FRANKLIN ST,10,Feet,E,8TH ST,11791294,3721767,"(37.539611, -77.436392)"
496,2.01305E+11,5/3/2013,1905,NORTHSIDE AVE,None,Feet,None,NAPOLEON ST,11795090,3734300,"(37.573911, -77.422807)"
259,2.01104E+11,4/7/2011,1947,COLUMBIA ST,20,Feet,N,ATWELL DR,11789195,3703435,"(37.489332, -77.444338)"
244,2.01102E+11,2/26/2011,1346,NORTH AVE,7,Feet,N,BROOKLAND PARK BLVD,11792224,3733380,"(37.571474, -77.432732)"
321,2.0111E+11,10/19/2011,1010,11 S 12TH ST,None,None,None,None,11791940,3720502,"(37.536117, -77.434213)"
647,2.0141E+11,10/4/2014,1715,NORTH AVE,300,Feet,S,ALMA AVE,11791226,3737525,"(37.582888, -77.436014)"
568,2.01402E+11,2/11/2014,1413,FRANKLIN ST,30,Feet,E,7TH ST,11791033,3721958,"(37.540144, -77.437285)"
705,2.01506E+11,6/9/2015,1251,NORTHSIDE AVE,500,Feet,E,NAPOLEON ST,11795090,3734300,"(37.573911, -77.422807)"
142,2.01004E+11,4/3/2010,2305,SEMMES AVE,None,None,None,33RD ST,11782230,3713255,"(37.516512, -77.467973)"
201,2.01009E+11,9/30/2010,1914,4500 MIDLOTHIAN TPKE,None,None,None,None,11778100,3710546,"(37.509195, -77.482312)"
396,2.01204E+11,4/28/2012,125,CARY ST,74,Feet,E,BRUNSWICK ST,11785051,3723664,"(37.545012, -77.457851)"
547,2.01311E+11,11/8/2013,1715,28TH,150,Feet,E,GORDON,0,0,"(21.84882, -111.898764)"
35,2.00905E+11,5/15/2009,1742,29TH ST,25,Feet,E,PURCELL ST,11801740,3723848,"(37.544997, -77.400283)"
283,2.01107E+11,7/28/2011,1450,STOCKTON ST,None,None,None,7TH ST,11790784,3715265,"(37.521771, -77.438403)"
104,2.00912E+11,12/1/2009,1419,8TH ST,15,Feet,S,MAIN ST,11791062,3721451,"(37.538751, -77.437204)"
434,2.01209E+11,9/8/2012,1400,LABURNUM AVE,None,None,None,MONTROSE AVE,11789864,3738181,"(37.584731, -77.440689)"
377,2.01202E+11,2/20/2012,2005,KIMROD ROAD,None,None,None,HEYWOOD ROAD,11773684,3701378,"(37.484147, -77.497872)"
146,2.01004E+11,4/15/2010,1,8TH ST,0,None,S,LEIGH ST,11792521,3723427,"(37.544132, -77.432096)"
559,2.01401E+11,1/3/2014,1545,TERMINAL PL,None,None,None,BROAD ST,11781891,3729640,"(37.561519, -77.468524)"
303,2.01109E+11,9/22/2011,910,BOULEVARD,None,None,None,PARK AVE,11780925,3728885,"(37.559474, -77.471885)"
116,2.01001E+11,1/12/2010,2010,CHAMBERLAYNE AVE,None,None,None,WESTWOOD AVE,11788289,3735761,"(37.578134, -77.446217)"
17,2.00903E+11,3/27/2009,2343,9TH ST,None,None,None,CARY ST,11791092,3720946,"(37.537363, -77.437121)"
632,2.01408E+11,8/28/2014,1250,BROAD ST,75,Feet,W,FOUSHEE ST,11789662,3723941,"(37.545632, -77.441936)"
601,2.01405E+11,5/8/2014,1200,BROAD ST,28,Feet,E,BOWE ST,11785729,3726825,"(37.553672, -77.455391)"
261,2.01104E+11,4/11/2011,1145,2911 JEFFERSON DAVIS HWY,400,Feet,E,JEFFERSON DAVIS HWY,11789172,3701378,"(37.483684, -77.444497)"
621,2.01407E+11,7/31/2014,1333,13TH ST,None,None,None,MAIN ST,11792285,3720555,"(37.536252, -77.433022)"
172,2.01007E+11,7/11/2010,231,CARY ST,10,Feet,W,20TH ST,11794158,3718650,"(37.530962, -77.426637)"
526,2.01309E+11,9/2/2013,1211,CARY ST,200,Feet,E,ROWLAND ST,11782178,3724916,"(37.548537, -77.467712)"
688,2.01502E+11,2/14/2015,2015,FAIRFIELD AVE,None,None,None,23RD ST,11799983,3724932,"(37.54803, -77.4063)"
54,2.00907E+11,7/24/2009,830,BROAD ST,None,None,None,COLLEGE ST,11793215,3721328,"(37.538346, -77.429784)"
53,2.00907E+11,7/23/2009,2140,3206 CHAMBERLAYNE AVE,None,None,None,None,11788272,3735097,"(37.576311, -77.446301)"
663,2.01411E+11,11/8/2014,2205,HARRISON ST,10,Feet,S,GRACE ST,11786398,3725853,"(37.550982, -77.453121)"
409,2.01205E+11,5/23/2012,2000,B100 W HILL ST,None,None,None,None,11791398,3727098,"(37.554248, -77.435826)"
531,2.0131E+11,10/2/2013,1200,18TH ST,None,None,None,BROAD ST,11794571,3720309,"(37.535505, -77.425148)"
615,2.01407E+11,7/19/2014,2147,14TH ST,None,None,None,CANAL ST,11792434,3719788,"(37.534141, -77.432538)"
175,2.01007E+11,7/19/2010,1845,GROVE AVE,None,None,None,WISTERIA AVE,11771498,3731787,"(37.567721, -77.5043)"
266,2.01105E+11,5/2/2011,1215,BROAD ST,80,Feet,W,1ST ST,11789923,3723751,"(37.545102, -77.441044)"
363,2.01201E+11,1/23/2012,1850,7101 JAHNKE ROAD,None,None,None,None,11765486,3712323,"(37.514441, -77.525735)"
290,2.01108E+11,8/16/2011,750,RMA DOWNTOWN EXPRESSWAY WEST,250,Feet,E,PARKWOOD AVE,0,0,"(21.84882, -111.898764)"
316,2.0111E+11,10/11/2011,1525,CARY ST,None,None,None,HARRISON ST,11785635,3723494,"(37.544527, -77.455843)"
133,2.01003E+11,3/13/2010,112,MONUMENT AVE,150,Feet,W,STUART CIR,11785044,3726368,"(37.552438, -77.457772)"
384,2.01203E+11,3/9/2012,1620,MIDLOTHIAN TPKE,300,Feet,None,BEAUFONT HILLS DR,11750000,3710000,"(37.508488, -77.579203)"
156,2.01005E+11,5/24/2010,2038,1809 EVERETT ST,None,None,None,None,11788279,3712849,"(37.515213, -77.447133)"
612,2.01407E+11,7/1/2014,2008,AMBROSE ST,100,Feet,W,DEFORREST ST,11797500,3727576,"(37.55537, -77.414759)"
51,2.00907E+11,7/19/2009,1054,3RD AVE,None,None,None,BROOKLAND PARK BLVD,11796722,3732614,"(37.56923, -77.417243)"
214,2.01011E+11,11/5/2010,1500,9TH ST,60,Feet,W,BROAD ST,11792028,3722201,"(37.54078, -77.433844)"
475,2.01302E+11,2/9/2013,218,HULL ST,180,Feet,W,PLAYN ST,11783980,3710726,"(37.509514, -77.462035)"
399,2.01205E+11,5/8/2012,1102,9TH ST,None,None,None,LEIGH ST,11792775,3723238,"(37.543605, -77.431227)"
93,2.00911E+11,11/12/2009,1450,MAIN ST,8,Feet,S,HARRISON ST,11785791,3723981,"(37.54586, -77.455286)"
462,2.01212E+11,12/12/2012,1035,BROOKLAND PARK BLVD,200,Feet,E,3000 3RD AVE,11796722,3732614,"(37.56923, -77.417243)"
110,2.00912E+11,12/19/2009,940,IRON BRIDGE ROAD,None,None,None,KENMARE LOOP,11776995,3692797,"(37.460484, -77.486779)"
428,2.01208E+11,8/12/2012,240,B1300 E CARY ST,None,None,None,None,11792195,3720140,"(37.535115, -77.433348)"
264,2.01104E+11,4/19/2011,15,BROAD ROCK BLVD,None,None,None,WARWICK ROAD,11779308,3701051,"(37.483084, -77.478502)"
541,2.0131E+11,10/16/2013,1748,Q ST,None,Feet,W,26TH ST,11798553,3721226,"(37.537898, -77.411379)"
582,2.01403E+11,3/5/2014,1610,W CHARITY ST,55,Feet,W,ST PETER ST,11790409,3726414,"(37.5524, -77.439264)"
128,2.01003E+11,3/3/2010,1850,WESTWOOD AVE,15,Feet,W,CHAMBERLAYNE AVE,11788289,3735761,"(37.578134, -77.446217)"
275,2.01107E+11,7/6/2011,1149,BROAD ST,None,None,None,4TH ST,11790710,3723171,"(37.543485, -77.438352)"
635,2.01409E+11,9/1/2014,1654,MAIN ST,70,Feet,W,21ST ST,11794655,3718760,"(37.531249, -77.424919)"
82,2.0091E+11,10/25/2009,1411,MIDLOTHIAN TPKE,None,None,None,WYTHEMAR ST,11779211,3710719,"(37.509637, -77.478476)"
643,2.01409E+11,9/25/2014,809,MECHANICSVILLE TPKE,360,Feet,N,FAIRFIELD AVE,11797619,3725237,"(37.548943, -77.414441)"
449,2.01211E+11,11/1/2012,720,1200 OAK ST,None,None,None,None,11789224,3727983,"(37.556745, -77.443291)"
590,2.01404E+11,4/4/2014,1700,27TH ST,None,None,None,SEMMES AVE,11784210,3714260,"(37.519212, -77.461108)"
61,2.00909E+11,9/2/2009,1820,BROAD ROCK BLVD,50,Feet,W,BRYCE LANE,11778985,3700282,"(37.480981, -77.479644)"
130,2.01003E+11,3/8/2010,1555,HULL ST,94,Feet,W,32ND ST,11783033,3709948,"(37.507406, -77.465329)"
81,2.0091E+11,10/23/2009,2206,REDD ST,5,Feet,E,COALTER ST,11796186,3724178,"(37.54608, -77.419426)"
500,2.01305E+11,5/12/2013,1327,CARY ST,100,Feet,W,12TH ST,11791816,3720410,"(37.535868, -77.434645)"
586,2.01403E+11,3/21/2014,1851,MCRAND ST,None,None,None,32ND ST,11782518,3710675,"(37.509418, -77.467077)"
196,2.01009E+11,9/26/2010,1,DOCK ST,50,Feet,W,17TH ST,11793279,3719116,"(37.532269, -77.42965)"
304,2.01109E+11,9/25/2011,1729,BRADY ST,20,Feet,E,COLUMBIA ST,11789175,3703834,"(37.490428, -77.444392)"
251,2.01103E+11,3/18/2011,2316,MAIN ST,70,Feet,E,LOMBARDY ST,11784149,3724541,"(37.547448, -77.460928)"
471,2.01301E+11,1/4/2013,1253,3RD ST,None,None,None,BROAD ST,11790450,3723364,"(37.544023, -77.439241)"
94,2.00911E+11,11/13/2009,1800,RICHMOND HENRICO TPKE,500,Feet,S,DOVE ST,11793328,3730346,"(37.563108, -77.429042)"
317,2.0111E+11,10/12/2011,1540,LYNHAVEN AVE,10,Feet,N,TERMINAL AVE,11790158,3701217,"(37.483211, -77.441105)"
131,2.01003E+11,3/11/2010,2152,BROAD ST,None,None,None,5TH ST,11790972,3722978,"(37.542947, -77.437456)"
209,2.0101E+11,10/21/2010,750,HULL STREET ROAD,100,Feet,W,LINWOOD AVE,11774837,3703154,"(37.488991, -77.493833)"
658,2.0141E+11,10/30/2014,1630,SPOTSYLVANIA ST,0,Miles,S,FAIRFIELD WAY,11797406,3725504,"(37.549683, -77.415165)"
103,2.00911E+11,11/30/2009,1708,BROAD ST,50,Feet,W,23RD ST,11795899,3719317,"(37.532739, -77.420607)"
618,2.01407E+11,7/26/2014,222,MAIN ST,300,Feet,W,15TH ST,11793064,3719950,"(37.534566, -77.430359)"
114,2.00912E+11,12/29/2009,1245,ELLWOOD AVE,75,Feet,W,BOULEVARD,11779872,3726401,"(37.552684, -77.475611)"
45,2.00907E+11,7/9/2009,2300,4208 CHAMBERLAYNE AVE,None,None,None,None,11787394,3740916,"(37.592318, -77.449107)"
224,2.01012E+11,12/6/2010,2100,BOULEVARD,20,Feet,S,BROAD ST,11781398,3730002,"(37.562528, -77.470211)"
129,2.01003E+11,3/4/2010,1807,CREIGHTON ROAD,None,Feet,S,NINE MILE ROAD,11801621,3722691,"(37.541824, -77.40074)"
701,2.01504E+11,4/8/2015,1526,BROAD ST,None,None,None,SHAFER ST,11787110,3725814,"(37.550854, -77.450667)"
232,2.01101E+11,1/4/2011,2117,BOULEVARD,None,None,None,BROAD ST,11781398,3730002,"(37.562528, -77.470211)"
410,2.01205E+11,5/24/2012,1635,NINE MILE ROAD,None,None,None,CREIGHTON ROAD,11801621,3722691,"(37.541824, -77.40074)"
608,2.01405E+11,5/20/2014,1634,CHARITY ST,None,None,None,HICKORY ST,11790167,3726429,"(37.552449, -77.440098)"
592,2.01404E+11,4/17/2014,1808,MECHANICSVILLE TPKE,150,Feet,N,COOL LANE,11798426,3726936,"(37.553583, -77.41159)"
37,2.00905E+11,5/29/2009,850,MAIN ST,None,None,None,7TH ST,11790798,3721643,"(37.539286, -77.438107)"
638,2.01409E+11,9/11/2014,1940,HAZELHURST AVE,None,None,None,LADIES MILE ROAD,11792749,3736605,"(37.580314, -77.430795)"
313,2.0111E+11,10/7/2011,2134,MIDLOTHIAN TPKE,319,Feet,W,WYTHEMAR ST,11779211,3710719,"(37.509637, -77.478476)"
593,2.01404E+11,4/18/2014,2313,BROAD ST,100,Feet,E,17TH ST,11794304,3720511,"(37.536068, -77.426061)"
256,2.01104E+11,4/1/2011,1530,BROAD ST,None,None,None,2ND ST,11790184,3723559,"(37.544567, -77.440151)"
569,2.01402E+11,2/16/2014,400,COMMERCE ROAD,500,Feet,S,BELLS ROAD,11793981,3695365,"(37.467022, -77.428159)"
483,2.01303E+11,3/2/2013,143,HULL STREET ROAD,298,Feet,W,WARWICK ROAD,11776430,3704516,"(37.492684, -77.488292)"
314,2.0111E+11,10/10/2011,802,ORCUTT LANE,None,None,None,CHATEAU DR,11773159,3700829,"(37.482655, -77.499701)"
247,2.01103E+11,3/6/2011,1944,BROAD ST,None,None,None,5TH ST,11790972,3722978,"(37.542947, -77.437456)"
583,2.01403E+11,3/12/2014,1306,NINE MILE ROAD,None,None,None,26TH ST,11799315,3722248,"(37.540681, -77.408711)"
357,2.01201E+11,1/12/2012,1524,LEIGH ST,None,None,None,MOZELLE ST,11785982,3728254,"(37.557589, -77.454464)"
424,2.01208E+11,8/2/2012,1712,HULL ST,None,None,None,BLAKE LANE,11783268,3710141,"(37.507929, -77.464512)"
460,2.01212E+11,12/6/2012,1747,OLIVER HILL WAY,None,None,None,BROAD ST,0,0,"(21.84882, -111.898764)"
545,2.01311E+11,11/1/2013,1436,BELT BLVD,100,Feet,N,HULL STREET ROAD,11780646,3708000,"(37.502127, -77.473631)"
39,2.00906E+11,6/5/2009,1450,21ST ST,100,Feet,S,MARSHALL ST,11795606,3720030,"(37.534707, -77.42159)"
11,2.00903E+11,3/9/2009,1644,2011 CHAMBERLAYNE PKWY,None,None,None,None,11789382,3729927,"(37.562079, -77.442671)"
381,2.01203E+11,3/7/2012,1120,BROAD ST,None,None,None,COLLEGE ST,11793215,3721328,"(37.538346, -77.429784)"
194,2.01009E+11,9/13/2010,1027,CHAMBERLAYNE AVE,None,None,None,WESTMINSTER AVE,11787424,3741661,"(37.594363, -77.448975)"
137,2.01003E+11,3/22/2010,811,GRACE ST,None,None,None,ALLEN AVE,11784604,3727200,"(37.554736, -77.459258)"
408,2.01205E+11,5/23/2012,1605,CLOPTON ST,200,Feet,N,HULL ST,11785726,3712161,"(37.513402, -77.455961)"
402,2.01205E+11,5/11/2012,2324,20TH ST,50,Feet,S,BAINBRIDGE ST,11786954,3713930,"(37.518222, -77.45166)"
32,2.00905E+11,5/9/2009,1919,29TH ST,90,Feet,S,CONRAD,0,0,"(21.84882, -111.898764)"
591,2.01404E+11,4/4/2014,1655,2501 SHEILA LANE,None,None,None,None,11763824,3719720,"(37.534802, -77.531203)"
3,2.00901E+11,1/15/2009,1338,HULL STREET ROAD,400,Feet,W,BELT BLVD,11780646,3708000,"(37.502127, -77.473631)"
88,2.00911E+11,11/8/2009,230,3125 W CARY ST,None,None,None,None,11778187,3726609,"(37.553305, -77.481415)"
138,2.01003E+11,3/23/2010,1901,HULL ST,None,None,None,WARWICK ROAD,0,0,"(21.84882, -111.898764)"
640,2.01409E+11,9/20/2014,1946,BROAD ROCK ROAD,20,Feet,N,36TH ST,11782810,3708305,"(37.5029, -77.46616)"
537,2.0131E+11,10/8/2013,1240,BELVIDERE ST,30,Feet,S,BROAD ST,11788092,3725095,"(37.548849, -77.447307)"
13,2.00903E+11,3/10/2009,1200,CHAMBERLAYNE AVE,None,None,S,EDGEHILL ROAD,11788828,3732081,"(37.568012, -77.444499)"
349,2.01112E+11,12/23/2011,1341,2430 SHEILA LANE,None,None,None,None,11763200,3719893,"(37.535294, -77.533349)"
435,2.01209E+11,9/11/2012,1755,LABURNUM AVE,None,None,None,NORTH AVE,11790297,3738201,"(37.584773, -77.439194)"
21,2.00904E+11,4/14/2009,1510,BRUNSWICK ST,None,None,None,MAIN ST,11785229,3724071,"(37.546124, -77.457221)"
514,2.01307E+11,7/18/2013,1342,MIDLOTHIAN TPKE,None,None,None,27TH ST,11784764,3711972,"(37.512912, -77.459285)"
181,2.01008E+11,8/14/2010,2304,BROAD ROCK BLVD,189,Feet,W,WELFORD AVE,11778364,3697915,"(37.474499, -77.481872)"
222,2.01012E+11,12/1/2010,1542,SEMMES AVE,15,Feet,E,26TH ST,11784540,3714428,"(37.519663, -77.459964)"
154,2.01005E+11,5/16/2010,200,HULL ST,None,None,None,34TH ST,11782563,3709562,"(37.50636, -77.466964)"
622,2.01408E+11,8/2/2014,2135,STOCKTON ST,100,Feet,E,BROAD ROCK ROAD,11783607,3709400,"(37.505883, -77.463371)"
347,2.01112E+11,12/23/2011,213,8TH ST,86,Feet,N,CLAY ST,11792231,3723029,"(37.543048, -77.433111)"
426,2.01208E+11,8/5/2012,35,4100 NORTH AVE,None,None,None,None,11789658,3738626,"(37.58596, -77.441382)"
302,2.01109E+11,9/15/2011,1,NORTH AVE,None,None,None,MOSS SIDE AVE,11789367,3738851,"(37.586587, -77.442378)"
385,2.01203E+11,3/10/2012,320,MECHANICSVILLE TPKE,800,Feet,S,MAGNOLIA ST,11799147,3728404,"(37.557592, -77.409045)"
565,2.01402E+11,2/7/2014,830,FRANKLIN ST,None,None,None,MONROE ST,11788180,3724058,"(37.545999, -77.447043)"
278,2.01107E+11,7/7/2011,1720,CHERRY ST,None,None,None,CATHEDRAL PL,0,0,"(21.84882, -111.898764)"
700,2.01504E+11,4/5/2015,1324,LOGANDALE AVE,10,Feet,E,BLAKE LANE,11784031,3709230,"(37.505404, -77.461916)"
236,2.01101E+11,1/26/2011,1705,BROAD ST,None,None,None,7TH ST,11791498,3722591,"(37.541868, -77.435657)"
91,2.00911E+11,11/11/2009,730,BROAD ST,None,None,None,5TH ST,11790972,3722978,"(37.542947, -77.437456)"
473,2.01301E+11,1/28/2013,1811,MECHANICSVILLE TPKE,500,Feet,S,COOL LANE,11798427,3726936,"(37.553583, -77.411587)"
391,2.01204E+11,4/2/2012,1745,BELVIDERE ST,None,None,None,FRANKLIN ST,11787681,3724425,"(37.547022, -77.44875)"
70,2.00909E+11,9/24/2009,1655,1600 E BROAD ST,None,None,None,None,11794069,3720704,"(37.536606, -77.426863)"
548,2.01311E+11,11/8/2013,2150,WARWICK ROAD,600,Feet,N,BROAD ROCK BLVD,11779308,3701051,"(37.483084, -77.478502)"
573,2.01402E+11,2/19/2014,1458,BROAD ST,None,None,None,3RD ST,11790450,3723364,"(37.544023, -77.439241)"
14,2.00903E+11,3/12/2009,1840,HULL ST,None,None,None,BLAKE LANE,11783268,3710141,"(37.507929, -77.464512)"
18,2.00904E+11,4/5/2009,1930,317 E LADIES MILE ROAD,None,None,None,None,11793282,3736963,"(37.581281, -77.428941)"
149,2.01004E+11,4/23/2010,919,2ND ST,200,Feet,N,GRACE ST,11789952,3723237,"(37.54369, -77.440963)"
563,2.01401E+11,1/16/2014,925,CHERRY ST,None,None,None,CUMBERLAND ST,11786509,3723008,"(37.543166, -77.452847)"
215,2.01011E+11,11/6/2010,20,JEFFERSON DAVIS HWY,None,None,None,SUMMER HILL AVE,11789183,3700398,"(37.480992, -77.444496)"
281,2.01107E+11,7/17/2011,1530,CARY ST,None,None,None,BELVIDERE ST,11787616,3723482,"(37.544434, -77.449011)"
355,2.01201E+11,1/10/2012,1645,NORTH AVE,None,None,None,LABURNUM AVE,11790297,3738201,"(37.584773, -77.439194)"
298,2.01109E+11,9/3/2011,922,HILL ST,None,None,None,ST PAUL ST,11791239,3727134,"(37.554352, -77.436373)"
6,2.00901E+11,1/30/2009,1800,BELLEVUE AVE,100,Feet,W,BROOK ROAD,11786440,3740435,"(37.591026, -77.452418)"
279,2.01107E+11,7/9/2011,1555,FAIRFIELD AVE,300,Feet,E,23RD ST,11799983,3724932,"(37.54803, -77.4063)"
458,2.01211E+11,11/26/2012,1750,CARY ST,None,None,None,BOULEVARD,11779699,3725994,"(37.551571, -77.476222)"
85,2.0091E+11,10/31/2009,1436,BROAD ST,25,Feet,E,3RD ST,11790450,3723364,"(37.544023, -77.439241)"
390,2.01203E+11,3/31/2012,1129,GROVE AVE,50,Feet,W,LIBBIE AVE,11767376,3733662,"(37.572989, -77.518454)"
418,2.01206E+11,6/23/2012,104,CARY ST,None,None,None,14TH ST,11792463,3719921,"(37.534505, -77.432432)"
9,2.00902E+11,2/13/2009,1406,HARRISON ST,None,None,None,FRANKLIN ST,11786168,3725538,"(37.550124, -77.453926)"
306,2.01109E+11,9/25/2011,345,HULL ST,None,None,None,34TH ST,11782563,3709562,"(37.50636, -77.466964)"
443,2.0121E+11,10/11/2012,1033,MOSBY ST,None,None,None,O ST,11796029,3722142,"(37.540493, -77.420047)"
55,2.00907E+11,7/29/2009,720,DOWNTOWN EXPRESSWAY,0,Feet,W,MEADOW ST TOLL BOOTH,0,0,"(21.84882, -111.898764)"
250,2.01103E+11,3/14/2011,1840,HEY ROAD,1000,Feet,N,SNEAD ROAD,11772128,3699358,"(37.478645, -77.503307)"
